close_date,open_date,close_4pm,open_930am,gap,gap_pct,day_of_week
2023-01-05,2023-01-06,379.64,382.71,3.069999999999993,0.8086608365820234,Friday
2023-01-05,2023-01-09,379.64,390.375,10.735000000000014,2.8276788536508306,Monday
2023-01-05,2023-01-10,379.64,387.21,7.569999999999993,1.9939943103993238,Tuesday
2023-01-05,2023-01-11,379.64,392.38,12.740000000000009,3.355810768096094,Wednesday
2023-01-11,2023-01-12,395.43,396.74,1.3100000000000023,0.3312849303290095,Thursday
2023-01-12,2023-01-13,396.95,393.65,-3.3000000000000114,-0.8313389595666989,Friday
2023-01-13,2023-01-17,398.58,398.52,-0.060000000000002274,-0.015053439710974528,Tuesday
2023-01-17,2023-01-18,397.92,399.14,1.2199999999999704,0.30659429030960256,Wednesday
2023-01-18,2023-01-19,391.44,389.16,-2.2799999999999727,-0.5824647455548673,Thursday
2023-01-18,2023-01-20,391.44,389.95,-1.490000000000009,-0.38064582055998597,Friday
2023-01-20,2023-01-23,395.49,396.82,1.329999999999984,0.3362916887911158,Monday
2023-01-20,2023-01-24,395.49,398.88,3.3899999999999864,0.8571645300766104,Tuesday
2023-01-20,2023-01-25,395.49,395.83,0.339999999999975,0.08596930390148297,Wednesday
2023-01-25,2023-01-26,400.34,403.21,2.8700000000000045,0.7168906429534907,Thursday
2023-01-26,2023-01-27,404.86,403.73,-1.1299999999999955,-0.27910882774292234,Friday
2023-01-27,2023-01-30,405.78,402.745,-3.034999999999968,-0.7479422347084549,Monday
2023-01-27,2023-01-31,405.78,401.12,-4.659999999999968,-1.1484055399477473,Tuesday
2023-01-31,2023-02-01,406.14,405.1,-1.0399999999999636,-0.2560693356970413,Wednesday
2023-01-31,2023-02-02,406.14,414.85,8.710000000000036,2.144580686462805,Thursday
2023-01-31,2023-02-03,406.14,411.55,5.410000000000025,1.3320529866548543,Friday
2023-02-03,2023-02-06,412.3,409.82,-2.480000000000018,-0.6015037593985006,Monday
2023-02-03,2023-02-07,412.3,408.89,-3.410000000000025,-0.8270676691729383,Tuesday
2023-02-03,2023-02-08,412.3,413.15,0.8499999999999659,0.206160562697057,Wednesday
2023-02-03,2023-02-09,412.3,414.5,2.1999999999999886,0.5335920446276955,Thursday
2023-02-03,2023-02-10,412.3,405.94,-6.360000000000014,-1.5425660926509857,Friday
2023-02-03,2023-02-13,412.3,408.76,-3.5400000000000205,-0.8585981081736648,Monday
2023-02-13,2023-02-14,412.82,411.24,-1.579999999999984,-0.38273339469986534,Tuesday
2023-02-13,2023-02-15,412.82,410.44,-2.3799999999999955,-0.5765224553073968,Wednesday
2023-02-15,2023-02-16,413.87,408.82,-5.050000000000011,-1.2201899147075197,Thursday
2023-02-15,2023-02-17,413.87,405.97,-7.899999999999977,-1.9088119457800705,Friday
2023-02-15,2023-02-21,413.87,403.1,-10.769999999999982,-2.6022664121584027,Tuesday
2023-02-21,2023-02-22,399.36,399.51,0.14999999999997726,0.037560096153840455,Wednesday
2023-02-21,2023-02-23,399.36,401.53,2.169999999999959,0.5433693910256308,Thursday
2023-02-21,2023-02-24,399.36,395.4,-3.9600000000000364,-0.9915865384615477,Friday
2023-02-21,2023-02-27,399.36,399.92,0.5600000000000023,0.14022435897435953,Monday
2023-02-21,2023-02-28,399.36,397.29,-2.069999999999993,-0.5183293269230752,Tuesday
2023-02-28,2023-03-01,395.92,395.38,-0.5400000000000205,-0.13639119013942727,Wednesday
2023-02-28,2023-03-02,395.92,392.69,-3.230000000000018,-0.8158213780561776,Thursday
2023-02-28,2023-03-03,395.92,399.71,3.7899999999999636,0.9572640937563052,Friday
2023-03-03,2023-03-06,404.08,405.13,1.0500000000000114,0.2598495347455978,Monday
2023-03-06,2023-03-07,404.56,404.415,-0.1449999999999818,-0.03584140794937261,Tuesday
2023-03-06,2023-03-08,404.56,398.41,-6.149999999999977,-1.520170061301161,Wednesday
2023-03-08,2023-03-09,398.87,399.74,0.8700000000000045,0.21811617820342583,Thursday
2023-03-08,2023-03-10,398.87,390.98,-7.889999999999986,-1.9780880988793308,Friday
2023-03-08,2023-03-13,398.87,381.78,-17.090000000000032,-4.284604006317856,Monday
2023-03-08,2023-03-14,398.87,390.49,-8.379999999999995,-2.1009351417755147,Tuesday
2023-03-08,2023-03-15,398.87,385.72,-13.149999999999977,-3.296813498132218,Wednesday
2023-03-08,2023-03-16,398.87,386.99,-11.879999999999995,-2.978414019605384,Thursday
2023-03-08,2023-03-17,398.87,393.2,-5.670000000000016,-1.4215157820843922,Friday
2023-03-08,2023-03-20,398.87,390.82,-8.050000000000011,-2.0182014190087023,Monday
2023-03-20,2023-03-21,393.65,397.26,3.6100000000000136,0.9170583005207708,Tuesday
2023-03-21,2023-03-22,398.93,398.735,-0.19499999999999318,-0.0488807560223581,Wednesday
2023-03-21,2023-03-23,398.93,395.08,-3.8500000000000227,-0.9650815932619815,Thursday
2023-03-21,2023-03-24,398.93,391.81,-7.1200000000000045,-1.7847742711753953,Friday
2023-03-21,2023-03-27,398.93,398.13,-0.8000000000000114,-0.2005364349635303,Monday
2023-03-27,2023-03-28,396.43,395.74,-0.6899999999999977,-0.17405342683449732,Tuesday
2023-03-27,2023-03-29,396.43,399.93,3.5,0.8828797013344096,Wednesday
2023-03-27,2023-03-30,396.43,404.06,7.6299999999999955,1.9246777489090119,Thursday
2023-03-27,2023-03-31,396.43,404.68,8.25,2.0810735817168227,Friday
2023-03-31,2023-04-03,409.32,408.87,-0.44999999999998863,-0.10993843447669029,Monday
2023-03-31,2023-04-04,409.32,411.61,2.2900000000000205,0.5594644776702874,Tuesday
2023-03-31,2023-04-05,409.32,407.88,-1.4399999999999977,-0.35180299032541723,Wednesday
2023-04-05,2023-04-06,407.65,406.77,-0.8799999999999955,-0.21587145835888522,Thursday
2023-04-06,2023-04-10,409.11,406.6,-2.509999999999991,-0.6135269242990861,Monday
2023-04-10,2023-04-11,409.57,410.12,0.5500000000000114,0.13428717923676328,Tuesday
2023-04-11,2023-04-12,409.87,411.92,2.0500000000000114,0.50015858686901,Wednesday
2023-04-11,2023-04-13,409.87,409.21,-0.660000000000025,-0.16102666699197918,Thursday
2023-04-11,2023-04-14,409.87,412.85,2.980000000000018,0.7270597994486101,Friday
2023-04-11,2023-04-17,409.87,412.38,2.509999999999991,0.6123892941664407,Monday
2023-04-17,2023-04-18,413.95,415.63,1.6800000000000068,0.4058461166807602,Tuesday
2023-04-17,2023-04-19,413.95,412.21,-1.740000000000009,-0.4203406208479307,Wednesday
2023-04-19,2023-04-20,413.96,411.18,-2.7799999999999727,-0.6715624698038393,Thursday
2023-04-20,2023-04-21,411.98,412.11,0.12999999999999545,0.03155492985096253,Friday
2023-04-21,2023-04-24,412.17,411.98,-0.18999999999999773,-0.046097484047843786,Monday
2023-04-21,2023-04-25,412.17,410.57,-1.6000000000000227,-0.3881893393502736,Tuesday
2023-04-21,2023-04-26,412.17,406.75,-5.420000000000016,-1.314991387049037,Wednesday
2023-04-26,2023-04-27,404.4,406.99,2.590000000000032,0.6404549950544095,Thursday
2023-04-26,2023-04-28,404.4,411.48,7.080000000000041,1.7507418397626213,Friday
2023-04-28,2023-05-01,416.17,415.48,-0.6899999999999977,-0.1657976307758843,Monday
2023-05-01,2023-05-02,415.64,414.79,-0.8499999999999659,-0.2045038976036873,Tuesday
2023-05-01,2023-05-03,415.64,411.38,-4.259999999999991,-1.0249254162255776,Wednesday
2023-05-01,2023-05-04,415.64,406.92,-8.71999999999997,-2.0979693965931987,Thursday
2023-05-04,2023-05-05,405.03,408.76,3.730000000000018,0.9209194380663206,Friday
2023-05-05,2023-05-08,412.42,412.96,0.5399999999999636,0.13093448426360593,Monday
2023-05-05,2023-05-09,412.42,411.15,-1.2700000000000387,-0.3079385092866589,Tuesday
2023-05-05,2023-05-10,412.42,413.88,1.4599999999999795,0.35400805004606456,Wednesday
2023-05-10,2023-05-11,412.94,411.965,-0.9750000000000227,-0.23611178379426132,Thursday
2023-05-11,2023-05-12,412.25,413.43,1.1800000000000068,0.2862340812613722,Friday
2023-05-12,2023-05-15,411.57,412.27,0.6999999999999886,0.1700804237432244,Monday
2023-05-15,2023-05-16,412.84,411.85,-0.9899999999999523,-0.23980234473402587,Tuesday
2023-05-15,2023-05-17,412.84,412.34,-0.5,-0.12111229532022093,Wednesday
2023-05-17,2023-05-18,415.0,414.96,-0.040000000000020464,-0.0096385542168724,Thursday
2023-05-18,2023-05-19,419.15,420.2,1.0500000000000114,0.25050697840868696,Friday
2023-05-18,2023-05-22,419.15,418.8,-0.3499999999999659,-0.08350232613621995,Monday
2023-05-22,2023-05-23,418.73,417.09,-1.6400000000000432,-0.3916604972177879,Tuesday
2023-05-23,2023-05-24,414.11,412.41,-1.6999999999999886,-0.41051894424186536,Wednesday
2023-05-23,2023-05-25,414.11,414.74,0.6299999999999955,0.15213349110139707,Thursday
2023-05-25,2023-05-26,414.59,415.33,0.7400000000000091,0.17848959212716398,Friday
2023-05-26,2023-05-30,420.14,422.03,1.8899999999999864,0.44985004998333566,Tuesday
2023-05-26,2023-05-31,420.14,418.26,-1.8799999999999955,-0.447469890988717,Wednesday
2023-05-31,2023-06-01,418.05,418.205,0.15499999999997272,0.03707690467646758,Thursday
2023-06-01,2023-06-02,421.73,424.58,2.849999999999966,0.6757878263343764,Friday
2023-06-02,2023-06-05,427.8,428.29,0.4900000000000091,0.11453950444132986,Monday
2023-06-02,2023-06-06,427.8,426.67,-1.1299999999999955,-0.26414212248714247,Tuesday
2023-06-02,2023-06-07,427.8,428.46,0.6599999999999682,0.1542776998597401,Wednesday
2023-06-02,2023-06-08,427.8,426.565,-1.2350000000000136,-0.2886863020102884,Thursday
2023-06-02,2023-06-09,427.8,430.08,2.2799999999999727,0.5329593267882125,Friday
2023-06-02,2023-06-12,427.8,430.925,3.125,0.730481533426835,Monday
2023-06-12,2023-06-13,433.49,435.41,1.920000000000016,0.4429167916214944,Tuesday
2023-06-13,2023-06-14,436.53,437.1,0.57000000000005,0.13057521819807347,Wednesday
2023-06-14,2023-06-15,437.18,436.38,-0.8000000000000114,-0.1829909876938587,Thursday
2023-06-15,2023-06-16,442.58,443.11,0.5300000000000296,0.1197523611550521,Friday
2023-06-16,2023-06-20,439.94,437.43,-2.509999999999991,-0.5705323453198143,Tuesday
2023-06-20,2023-06-21,437.01,436.2,-0.8100000000000023,-0.1853504496464617,Wednesday
2023-06-21,2023-06-22,434.87,433.99,-0.8799999999999955,-0.20235932577551807,Thursday
2023-06-21,2023-06-23,434.87,432.96,-1.910000000000025,-0.4392117184445984,Friday
2023-06-21,2023-06-26,434.87,432.64,-2.230000000000018,-0.5127969278175128,Monday
2023-06-21,2023-06-27,434.87,432.39,-2.480000000000018,-0.5702853726401036,Tuesday
2023-06-27,2023-06-28,435.93,435.09,-0.8400000000000318,-0.1926914871653779,Wednesday
2023-06-28,2023-06-29,436.6,435.94,-0.660000000000025,-0.1511681172698179,Thursday
2023-06-28,2023-06-30,436.6,441.44,4.839999999999975,1.1085661933119502,Friday
2023-06-30,2023-07-03,443.27,442.94,-0.3299999999999841,-0.07444672547205633,Monday
2023-06-30,2023-07-05,443.27,441.93,-1.339999999999975,-0.30229882464411645,Wednesday
2023-06-30,2023-07-06,443.27,439.39,-3.8799999999999955,-0.8753130146411884,Thursday
2023-07-06,2023-07-07,439.72,438.63,-1.0900000000000318,-0.2478850177385681,Friday
2023-07-06,2023-07-10,439.72,438.19,-1.5300000000000296,-0.34794869462385825,Monday
2023-07-10,2023-07-11,439.57,440.455,0.8849999999999909,0.20133312100461606,Tuesday
2023-07-10,2023-07-12,439.57,446.42,6.850000000000023,1.558341106080948,Wednesday
2023-07-10,2023-07-13,439.57,447.895,8.324999999999989,1.8938963077553037,Thursday
2023-07-10,2023-07-14,439.57,450.6,11.03000000000003,2.5092704233682985,Friday
2023-07-10,2023-07-17,439.57,449.13,9.560000000000002,2.1748526969538418,Monday
2023-07-10,2023-07-18,439.57,450.53,10.95999999999998,2.493345769729504,Tuesday
2023-07-18,2023-07-19,454.09,455.22,1.1300000000000523,0.24884934704575137,Wednesday
2023-07-19,2023-07-20,455.11,454.16,-0.9499999999999886,-0.20874074399595452,Thursday
2023-07-20,2023-07-21,452.37,453.93,1.5600000000000023,0.3448504542741566,Friday
2023-07-21,2023-07-24,452.25,453.38,1.1299999999999955,0.24986180210060707,Monday
2023-07-21,2023-07-25,452.25,453.95,1.6999999999999886,0.37589828634604505,Tuesday
2023-07-21,2023-07-26,452.25,454.5,2.25,0.4975124378109453,Wednesday
2023-07-26,2023-07-27,455.44,459.08,3.6399999999999864,0.7992271210258182,Thursday
2023-07-26,2023-07-28,455.44,455.775,0.33499999999997954,0.07355524328121807,Friday
2023-07-26,2023-07-31,455.44,457.41,1.9700000000000273,0.432548744071673,Monday
2023-07-31,2023-08-01,457.72,456.32,-1.400000000000034,-0.30586384689330465,Tuesday
2023-07-31,2023-08-02,457.72,453.25,-4.470000000000027,-0.9765795682950335,Wednesday
2023-07-31,2023-08-03,457.72,448.115,-9.605000000000018,-2.098444463864375,Thursday
2023-07-31,2023-08-04,457.72,450.705,-7.015000000000043,-1.5325963471117807,Friday
2023-08-04,2023-08-07,446.8,448.69,1.8899999999999864,0.4230080572963264,Monday
2023-08-07,2023-08-08,450.67,448.03,-2.640000000000043,-0.5857944837686208,Tuesday
2023-08-08,2023-08-09,448.74,449.03,0.2899999999999636,0.0646253955519819,Wednesday
2023-08-08,2023-08-10,448.74,448.195,-0.5450000000000159,-0.12145117439943305,Thursday
2023-08-08,2023-08-11,448.74,443.96,-4.78000000000003,-1.065204795650049,Friday
2023-08-11,2023-08-14,445.67,444.8,-0.8700000000000045,-0.19521170372697388,Monday
2023-08-11,2023-08-15,445.67,446.29,0.6200000000000045,0.13911638656405065,Tuesday
2023-08-11,2023-08-16,445.67,442.47,-3.1999999999999886,-0.7180200596854149,Wednesday
2023-08-11,2023-08-17,445.67,441.1,-4.569999999999993,-1.0254223977382353,Thursday
2023-08-11,2023-08-18,445.67,433.27,-12.400000000000034,-2.782327731281,Friday
2023-08-11,2023-08-21,445.67,437.51,-8.160000000000025,-1.8309511521978201,Monday
2023-08-11,2023-08-22,445.67,441.115,-4.555000000000007,-1.0220566787084628,Tuesday
2023-08-11,2023-08-23,445.67,439.25,-6.420000000000016,-1.4405277447438722,Wednesday
2023-08-11,2023-08-24,445.67,444.85,-0.8199999999999932,-0.1839926402943867,Thursday
2023-08-11,2023-08-25,445.67,438.6,-7.069999999999993,-1.5863755693674677,Friday
2023-08-11,2023-08-28,445.67,442.32,-3.3500000000000227,-0.7516772499831765,Monday
2023-08-11,2023-08-29,445.67,442.705,-2.965000000000032,-0.6652904615522768,Tuesday
2023-08-11,2023-08-30,445.67,449.51,3.839999999999975,0.8616240716224953,Wednesday
2023-08-11,2023-08-31,445.67,451.65,5.979999999999961,1.341799986537115,Thursday
2023-08-11,2023-09-01,445.67,453.17,7.5,1.6828595148876972,Friday
2023-08-11,2023-09-05,445.67,450.68,5.009999999999991,1.1241501559449796,Tuesday
2023-09-05,2023-09-06,449.27,448.43,-0.839999999999975,-0.18696997351258154,Wednesday
2023-09-06,2023-09-07,446.01,443.06,-2.9499999999999886,-0.6614201475303219,Thursday
2023-09-06,2023-09-08,446.01,444.89,-1.1200000000000045,-0.2511154458420225,Friday
2023-09-08,2023-09-11,445.43,448.29,2.8600000000000136,0.6420761960352948,Monday
2023-09-08,2023-09-12,445.43,446.91,1.4800000000000182,0.33226320633994527,Tuesday
2023-09-08,2023-09-13,445.43,446.1,0.6700000000000159,0.15041645151876074,Wednesday
2023-09-08,2023-09-14,445.43,449.08,3.6499999999999773,0.8194329075275526,Thursday
2023-09-14,2023-09-15,450.42,447.245,-3.1750000000000114,-0.7048976510812156,Friday
2023-09-14,2023-09-18,450.42,443.04,-7.3799999999999955,-1.6384707606234172,Monday
2023-09-14,2023-09-19,450.42,442.78,-7.640000000000043,-1.696194662759212,Tuesday
2023-09-14,2023-09-20,450.42,443.98,-6.439999999999998,-1.4297766529017355,Wednesday
2023-09-14,2023-09-21,450.42,435.71,-14.710000000000036,-3.265840770836116,Thursday
2023-09-14,2023-09-22,450.42,432.48,-17.939999999999998,-3.9829492473691213,Friday
2023-09-14,2023-09-25,450.42,429.13,-21.29000000000002,-4.726699524887887,Monday
2023-09-14,2023-09-26,450.42,429.1,-21.319999999999993,-4.733359975134317,Tuesday
2023-09-14,2023-09-27,450.42,427.08,-23.340000000000032,-5.181830291727728,Wednesday
2023-09-27,2023-09-28,425.99,425.56,-0.4300000000000068,-0.1009413366510967,Thursday
2023-09-27,2023-09-29,425.99,431.69,5.699999999999989,1.338059578863351,Friday
2023-09-27,2023-10-02,425.99,426.6,0.6100000000000136,0.14319584966783577,Monday
2023-09-27,2023-10-03,425.99,425.2,-0.7900000000000205,-0.18545036268457488,Tuesday
2023-09-27,2023-10-04,425.99,422.07,-3.920000000000016,-0.9202093945867311,Wednesday
2023-10-04,2023-10-05,424.5,424.42,-0.07999999999998408,-0.018845700824495663,Thursday
2023-10-04,2023-10-06,424.5,422.165,-2.3349999999999795,-0.5500588928150718,Friday
2023-10-04,2023-10-09,424.5,427.49,2.990000000000009,0.7043580683156676,Monday
2023-10-04,2023-10-10,424.5,433.02,8.519999999999982,2.007067137809183,Tuesday
2023-10-10,2023-10-11,434.44,435.68,1.240000000000009,0.2854249148328904,Wednesday
2023-10-11,2023-10-12,436.38,436.86,0.4800000000000182,0.10999587515468587,Thursday
2023-10-11,2023-10-13,436.38,435.26,-1.1200000000000045,-0.25665704202759165,Friday
2023-10-11,2023-10-16,436.38,433.81,-2.569999999999993,-0.5889362482240234,Monday
2023-10-11,2023-10-17,436.38,432.77,-3.6100000000000136,-0.8272606443925051,Tuesday
2023-10-17,2023-10-18,435.98,434.05,-1.9300000000000068,-0.4426808569200438,Wednesday
2023-10-17,2023-10-19,435.98,430.89,-5.090000000000032,-1.1674847470067506,Thursday
2023-10-17,2023-10-20,435.98,425.89,-10.090000000000032,-2.314326345245202,Friday
2023-10-17,2023-10-23,435.98,419.54,-16.439999999999998,-3.770815175008027,Monday
2023-10-17,2023-10-24,435.98,422.69,-13.29000000000002,-3.048304968117808,Tuesday
2023-10-17,2023-10-25,435.98,421.91,-14.069999999999993,-3.2272122574430004,Wednesday
2023-10-25,2023-10-26,417.75,416.46,-1.2900000000000205,-0.30879712746858656,Thursday
2023-10-26,2023-10-27,412.52,414.385,1.865000000000009,0.452099292155534,Friday
2023-10-26,2023-10-30,412.52,413.56,1.0400000000000205,0.25210898865510045,Monday
2023-10-26,2023-10-31,412.52,416.17,3.650000000000034,0.884805585183757,Tuesday
2023-10-31,2023-11-01,418.2,419.285,1.0850000000000364,0.25944524151124737,Wednesday
2023-10-31,2023-11-02,418.2,426.6,8.400000000000034,2.0086083213773396,Thursday
2023-11-02,2023-11-03,430.7,433.135,2.4350000000000023,0.5653587183654522,Friday
2023-11-03,2023-11-06,434.9,435.48,0.5800000000000409,0.13336399172224442,Monday
2023-11-06,2023-11-07,435.55,435.66,0.11000000000001364,0.02525542417633191,Tuesday
2023-11-07,2023-11-08,436.87,437.5,0.6299999999999955,0.14420765902900073,Wednesday
2023-11-07,2023-11-09,436.87,438.38,1.509999999999991,0.3456405795774466,Thursday
2023-11-07,2023-11-10,436.87,435.99,-0.8799999999999955,-0.20143292054844586,Friday
2023-11-07,2023-11-13,436.87,439.21,2.339999999999975,0.5356284478220008,Monday
2023-11-07,2023-11-14,436.87,446.35,9.480000000000018,2.169981916817364,Tuesday
2023-11-07,2023-11-15,436.87,450.28,13.409999999999968,3.06956302790303,Wednesday
2023-11-07,2023-11-16,436.87,449.225,12.355000000000018,2.828072424290983,Thursday
2023-11-07,2023-11-17,436.87,450.23,13.360000000000014,3.0581179755991514,Friday
2023-11-17,2023-11-20,450.7,450.63,-0.06999999999999318,-0.0155313956068323,Monday
2023-11-17,2023-11-21,450.7,453.235,2.535000000000025,0.5624583980474873,Tuesday
2023-11-17,2023-11-22,450.7,454.995,4.295000000000016,0.9529620590193069,Wednesday
2023-11-22,2023-11-24,454.96,455.08,0.12000000000000455,0.026375945138035112,Friday
2023-11-22,2023-11-27,454.96,454.69,-0.2699999999999818,-0.05934587656057276,Monday
2023-11-22,2023-11-28,454.96,454.02,-0.9399999999999977,-0.20661157024793342,Tuesday
2023-11-22,2023-11-29,454.96,457.13,2.170000000000016,0.476965007912787,Wednesday
2023-11-22,2023-11-30,454.96,455.45,0.4900000000000091,0.10770177598030796,Thursday
2023-11-30,2023-12-01,456.43,455.68,-0.75,-0.1643187345266525,Friday
2023-11-30,2023-12-04,456.43,455.54,-0.8899999999999864,-0.19499156497162465,Monday
2023-11-30,2023-12-05,456.43,455.22,-1.2099999999999795,-0.2651008917029949,Tuesday
2023-12-05,2023-12-06,456.71,458.76,2.0500000000000114,0.4488625166954986,Wednesday
2023-12-06,2023-12-07,454.8,456.91,2.1100000000000136,0.4639401934916476,Thursday
2023-12-07,2023-12-08,458.02,457.47,-0.5499999999999545,-0.12008209248503439,Friday
2023-12-07,2023-12-11,458.02,459.69,1.670000000000016,0.3646128990000472,Monday
2023-12-07,2023-12-12,458.02,461.57,3.5500000000000114,0.7750753242216522,Tuesday
2023-12-12,2023-12-13,464.06,464.45,0.38999999999998636,0.08404085678575753,Wednesday
2023-12-12,2023-12-14,464.06,472.555,8.495000000000005,1.8305822522949629,Thursday
2023-12-12,2023-12-15,464.06,469.41,5.350000000000023,1.1528681635995395,Friday
2023-12-12,2023-12-18,464.06,470.95,6.889999999999986,1.4847218032150986,Monday
2023-12-12,2023-12-19,464.06,472.5,8.439999999999998,1.8187303365944054,Tuesday
2023-12-19,2023-12-20,474.89,473.89,-1.0,-0.21057508054496832,Wednesday
2023-12-19,2023-12-21,474.89,471.32,-3.569999999999993,-0.7517530375455355,Thursday
2023-12-19,2023-12-22,474.89,473.9,-0.9900000000000091,-0.20846932973952056,Friday
2023-12-19,2023-12-26,474.89,474.08,-0.8100000000000023,-0.1705658152414248,Tuesday
2023-12-19,2023-12-27,474.89,475.49,0.6000000000000227,0.12634504832698576,Wednesday
2023-12-19,2023-12-28,474.89,476.885,1.9950000000000045,0.4200972856872128,Thursday
2023-12-28,2023-12-29,476.74,476.43,-0.3100000000000023,-0.0650249611947817,Friday
2023-12-29,2024-01-02,474.98,472.15,-2.830000000000041,-0.595814560613087,Tuesday
2023-12-29,2024-01-03,474.98,470.46,-4.520000000000039,-0.9516190155375044,Wednesday
2023-12-29,2024-01-04,474.98,468.21,-6.770000000000039,-1.425323171501966,Thursday
2023-12-29,2024-01-05,474.98,467.345,-7.634999999999991,-1.6074361025727382,Friday
2024-01-05,2024-01-08,468.04,468.49,0.44999999999998863,0.09614562857875152,Monday
2024-01-08,2024-01-09,474.49,471.94,-2.5500000000000114,-0.5374191236907019,Tuesday
2024-01-09,2024-01-10,473.94,474.17,0.2300000000000182,0.04852934970671777,Wednesday
2024-01-09,2024-01-11,473.94,477.55,3.6100000000000136,0.7616997932227737,Thursday
2024-01-11,2024-01-12,476.33,477.8,1.4700000000000273,0.3086095773938293,Friday
2024-01-11,2024-01-16,476.33,475.28,-1.0500000000000114,-0.22043541242416212,Tuesday
2024-01-16,2024-01-17,475.11,471.81,-3.3000000000000114,-0.6945759929279559,Wednesday
2024-01-16,2024-01-18,475.11,474.11,-1.0,-0.21047757361453137,Thursday
2024-01-18,2024-01-19,476.16,477.63,1.4699999999999704,0.3087197580645099,Friday
2024-01-18,2024-01-22,476.16,484.005,7.84499999999997,1.6475554435483808,Monday
2024-01-18,2024-01-23,476.16,484.02,7.859999999999957,1.6507056451612812,Tuesday
2024-01-18,2024-01-24,476.16,487.81,11.649999999999977,2.4466565860215006,Wednesday
2024-01-18,2024-01-25,476.16,487.48,11.319999999999993,2.377352150537633,Thursday
2024-01-18,2024-01-26,476.16,487.535,11.375,2.388902889784946,Friday
2024-01-26,2024-01-29,487.19,487.7,0.5099999999999909,0.10468195159998993,Monday
2024-01-26,2024-01-30,487.19,490.67,3.480000000000018,0.7143003756234771,Tuesday
2024-01-30,2024-01-31,490.74,488.44,-2.3000000000000114,-0.4686799527244593,Wednesday
2024-01-30,2024-02-01,490.74,484.73,-6.009999999999991,-1.224681093858253,Thursday
2024-01-30,2024-02-02,490.74,489.66,-1.079999999999984,-0.2200758038880026,Friday
2024-01-30,2024-02-05,490.74,493.69,2.9499999999999886,0.6011329828422359,Monday
2024-01-30,2024-02-06,490.74,493.52,2.7799999999999727,0.5664914211191207,Tuesday
2024-02-06,2024-02-07,493.8,496.275,2.474999999999966,0.5012150668286687,Wednesday
2024-02-07,2024-02-08,497.95,498.16,0.21000000000003638,0.04217290892660636,Thursday
2024-02-07,2024-02-09,497.95,498.85,0.9000000000000341,0.18074103825685997,Friday
2024-02-09,2024-02-12,501.1,501.23,0.12999999999999545,0.025942925563758816,Monday
2024-02-09,2024-02-13,501.1,494.335,-6.765000000000043,-1.3500299341448898,Tuesday
2024-02-09,2024-02-14,501.1,496.78,-4.32000000000005,-0.8621033725803332,Wednesday
2024-02-14,2024-02-15,498.84,499.3,0.4600000000000364,0.09221393633229821,Thursday
2024-02-14,2024-02-16,498.84,501.715,2.875,0.5763371020768182,Friday
2024-02-14,2024-02-20,498.84,497.735,-1.1049999999999613,-0.22151391227647368,Tuesday
2024-02-14,2024-02-21,498.84,495.355,-3.484999999999957,-0.6986208002565867,Wednesday
2024-02-14,2024-02-22,498.84,504.02,5.180000000000007,1.0384091091331904,Thursday
2024-02-14,2024-02-23,498.84,509.26,10.420000000000016,2.088846123005376,Friday
2024-02-14,2024-02-26,498.84,508.29,9.450000000000045,1.8943949963916378,Monday
2024-02-14,2024-02-27,498.84,506.7,7.860000000000014,1.5756555208082779,Tuesday
2024-02-14,2024-02-28,498.84,505.355,6.515000000000043,1.3060299895758247,Wednesday
2024-02-14,2024-02-29,498.84,508.065,9.225000000000023,1.8492903536204042,Thursday
2024-02-14,2024-03-01,498.84,508.975,10.135000000000048,2.0317135754951585,Friday
2024-03-01,2024-03-04,512.76,512.19,-0.5699999999999363,-0.11116311724782284,Monday
2024-03-04,2024-03-05,512.15,510.225,-1.9249999999999545,-0.375866445377322,Tuesday
2024-03-04,2024-03-06,512.15,510.64,-1.509999999999991,-0.2948354974128656,Wednesday
2024-03-04,2024-03-07,512.15,513.14,0.9900000000000091,0.1933027433369148,Thursday
2024-03-04,2024-03-08,512.15,515.51,3.3600000000000136,0.6560577955677075,Friday
2024-03-04,2024-03-11,512.15,510.395,-1.7549999999999955,-0.34267304500634493,Monday
2024-03-04,2024-03-12,512.15,513.43,1.2799999999999727,0.2499267792638822,Tuesday
2024-03-04,2024-03-13,512.15,517.04,4.889999999999986,0.9547983989065678,Wednesday
2024-03-04,2024-03-14,512.15,516.96,4.810000000000059,0.9391779752025888,Thursday
2024-03-04,2024-03-15,512.15,510.07,-2.079999999999984,-0.40613101630381415,Friday
2024-03-15,2024-03-18,509.88,513.26,3.3799999999999955,0.6629010747626883,Monday
2024-03-15,2024-03-19,509.88,512.155,2.2749999999999773,0.44618341570565173,Tuesday
2024-03-15,2024-03-20,509.88,515.765,5.884999999999991,1.1541931434847397,Wednesday
2024-03-15,2024-03-21,509.88,523.49,13.610000000000014,2.6692555111006535,Thursday
2024-03-15,2024-03-22,509.88,522.14,12.259999999999991,2.404487330352238,Friday
2024-03-15,2024-03-25,509.88,519.785,9.904999999999973,1.9426139483800058,Monday
2024-03-25,2024-03-26,520.01,521.14,1.1299999999999955,0.21730351339397233,Tuesday
2024-03-25,2024-03-27,520.01,521.72,1.7100000000000364,0.32883983000327616,Wednesday
2024-03-27,2024-03-28,523.31,523.25,-0.05999999999994543,-0.011465479352572172,Thursday
2024-03-28,2024-04-01,522.94,523.71,0.7699999999999818,0.14724442574673607,Monday
2024-03-28,2024-04-02,522.94,518.13,-4.810000000000059,-0.9197995945997741,Tuesday
2024-04-02,2024-04-03,518.87,517.705,-1.1649999999999636,-0.22452637462176722,Wednesday
2024-04-02,2024-04-04,518.87,523.63,4.759999999999991,0.9173781486692216,Thursday
2024-04-02,2024-04-05,518.87,514.07,-4.7999999999999545,-0.9250872087420654,Friday
2024-04-02,2024-04-08,518.87,519.24,0.37000000000000455,0.07130880567386909,Monday
2024-04-02,2024-04-09,518.87,520.555,1.6849999999999454,0.32474415556882175,Tuesday
2024-04-02,2024-04-10,518.87,513.43,-5.440000000000055,-1.0484321699076946,Wednesday
2024-04-02,2024-04-11,518.87,515.68,-3.1900000000000546,-0.6147975408098473,Thursday
2024-04-02,2024-04-12,518.87,514.38,-4.490000000000009,-0.8653419931774835,Friday
2024-04-02,2024-04-15,518.87,515.21,-3.659999999999968,-0.7053789966658254,Monday
2024-04-15,2024-04-16,504.4,504.81,0.410000000000025,0.0812846946867615,Tuesday
2024-04-15,2024-04-17,504.4,506.08,1.6800000000000068,0.33306899286280867,Wednesday
2024-04-15,2024-04-18,504.4,501.85,-2.5499999999999545,-0.5055511498810378,Thursday
2024-04-15,2024-04-19,504.4,499.44,-4.9599999999999795,-0.9833465503568556,Friday
2024-04-15,2024-04-22,504.4,497.85,-6.5499999999999545,-1.2985725614591503,Monday
2024-04-15,2024-04-23,504.4,501.86,-2.5399999999999636,-0.5035685963520944,Tuesday
2024-04-15,2024-04-24,504.4,506.54,2.140000000000043,0.4242664551942988,Wednesday
2024-04-15,2024-04-25,504.4,499.1,-5.2999999999999545,-1.0507533703409904,Thursday
2024-04-15,2024-04-26,504.4,506.42,2.0200000000000387,0.40047581284695455,Friday
2024-04-26,2024-04-29,508.32,510.26,1.9399999999999977,0.381649354737173,Monday
2024-04-26,2024-04-30,508.32,508.33,0.009999999999990905,0.00196726471513828,Tuesday
2024-04-30,2024-05-01,501.91,501.38,-0.5300000000000296,-0.10559662090813683,Wednesday
2024-04-30,2024-05-02,501.91,504.155,2.2449999999999477,0.4472913470542423,Thursday
2024-05-02,2024-05-03,504.99,511.16,6.170000000000016,1.2218063724034172,Friday
2024-05-02,2024-05-06,504.99,513.775,8.784999999999968,1.7396384086813537,Monday
2024-05-06,2024-05-07,516.51,517.55,1.0399999999999636,0.20135137751446508,Tuesday
2024-05-06,2024-05-08,516.51,515.625,-0.8849999999999909,-0.17134227798106347,Wednesday
2024-05-06,2024-05-09,516.51,517.435,0.9249999999999545,0.17908656173161305,Thursday
2024-05-09,2024-05-10,520.06,521.8,1.740000000000009,0.3345767796023553,Friday
2024-05-09,2024-05-13,520.06,522.615,2.5550000000000637,0.49128946660001993,Monday
2024-05-13,2024-05-14,521.04,521.185,0.1449999999999818,0.027828957469672542,Tuesday
2024-05-13,2024-05-15,521.04,525.77,4.730000000000018,0.9077997850452977,Wednesday
2024-05-13,2024-05-16,521.04,529.88,8.840000000000032,1.6966067864271521,Thursday
2024-05-13,2024-05-17,521.04,528.93,7.889999999999986,1.5142791340396107,Friday
2024-05-17,2024-05-20,529.18,529.56,0.37999999999999545,0.0718092142560179,Monday
2024-05-17,2024-05-21,529.18,529.31,0.12999999999999545,0.024566310140216083,Tuesday
2024-05-21,2024-05-22,531.08,530.71,-0.37000000000000455,-0.06966935301649554,Wednesday
2024-05-21,2024-05-23,531.08,532.96,1.8799999999999955,0.3539956315432694,Thursday
2024-05-21,2024-05-24,531.08,527.87,-3.2100000000000364,-0.6044287113052715,Friday
2024-05-24,2024-05-28,529.51,530.32,0.8100000000000591,0.15297161526695607,Tuesday
2024-05-24,2024-05-29,529.51,525.63,-3.8799999999999955,-0.7327529225132661,Wednesday
2024-05-24,2024-05-30,529.51,524.31,-5.2000000000000455,-0.9820399992445932,Thursday
2024-05-30,2024-05-31,522.42,523.63,1.2100000000000364,0.23161440986180398,Friday
2024-05-30,2024-06-03,522.42,529.05,6.6299999999999955,1.2690938325485235,Monday
2024-05-30,2024-06-04,522.42,526.545,4.125,0.789594579074308,Tuesday
2024-05-30,2024-06-05,522.42,530.79,8.370000000000005,1.6021591822671422,Wednesday
2024-05-30,2024-06-06,522.42,534.9,12.480000000000018,2.3888825083266374,Thursday
2024-05-30,2024-06-07,522.42,533.3,10.879999999999995,2.082615520079629,Friday
2024-05-30,2024-06-10,522.42,533.25,10.830000000000041,2.0730446766969184,Monday
2024-05-30,2024-06-11,522.42,534.08,11.660000000000082,2.2319206768500597,Tuesday
2024-05-30,2024-06-12,522.42,541.625,19.20500000000004,3.676160943302332,Wednesday
2024-05-30,2024-06-13,522.42,543.12,20.700000000000045,3.9623291604456274,Thursday
2024-06-13,2024-06-14,542.52,540.89,-1.6299999999999955,-0.3004497530044967,Friday
2024-06-13,2024-06-17,542.52,542.075,-0.44499999999993634,-0.08202462582023454,Monday
2024-06-13,2024-06-18,542.52,547.14,4.6200000000000045,0.8515815085158159,Tuesday
2024-06-13,2024-06-20,542.52,549.425,6.904999999999973,1.2727641377276364,Thursday
2024-06-20,2024-06-21,546.68,544.36,-2.3199999999999363,-0.42437989317332564,Friday
2024-06-20,2024-06-24,546.68,544.37,-2.3099999999999454,-0.42255066949585596,Monday
2024-06-20,2024-06-25,546.68,543.77,-2.909999999999968,-0.532304090144137,Tuesday
2024-06-20,2024-06-26,546.68,543.635,-3.044999999999959,-0.5569986097899977,Wednesday
2024-06-20,2024-06-27,546.68,545.55,-1.1299999999999955,-0.20670227555425394,Thursday
2024-06-20,2024-06-28,546.68,547.105,0.4250000000000682,0.07774200629254194,Friday
2024-06-20,2024-07-01,546.68,545.54,-1.1399999999999864,-0.20853149923172357,Monday
2024-06-20,2024-07-02,546.68,543.74,-2.939999999999941,-0.5377917611765459,Tuesday
2024-06-20,2024-07-03,546.68,548.84,2.160000000000082,0.3951123143338117,Wednesday
2024-06-20,2024-07-05,546.68,551.77,5.090000000000032,0.9310748518328881,Friday
2024-06-20,2024-07-08,546.68,555.35,8.670000000000073,1.5859369283676144,Monday
2024-06-20,2024-07-09,546.68,556.355,9.675000000000068,1.769773907953477,Tuesday
2024-06-20,2024-07-10,546.68,557.13,10.450000000000045,1.9115387429574975,Wednesday
2024-06-20,2024-07-11,546.68,561.43,14.75,2.6981049242701403,Thursday
2024-06-20,2024-07-12,546.68,557.61,10.930000000000064,1.9993414794761224,Friday
2024-06-20,2024-07-15,546.68,562.18,15.5,2.835296700080486,Monday
2024-06-20,2024-07-16,546.68,562.96,16.280000000000086,2.977976146923262,Tuesday
2024-06-20,2024-07-17,546.68,559.01,12.330000000000041,2.2554327943220973,Wednesday
2024-06-20,2024-07-18,546.68,558.61,11.930000000000064,2.18226384722325,Thursday
2024-06-20,2024-07-19,546.68,552.375,5.69500000000005,1.041742884319904,Friday
2024-06-20,2024-07-22,546.68,552.97,6.290000000000077,1.1505816931294501,Monday
2024-06-20,2024-07-23,546.68,554.685,8.004999999999995,1.46429355381576,Tuesday
2024-06-20,2024-07-24,546.68,548.8,2.1200000000000045,0.38779541962391245,Wednesday
2024-06-20,2024-07-25,546.68,541.32,-5.3599999999999,-0.9804638911245885,Thursday
2024-06-20,2024-07-26,546.68,542.37,-4.309999999999945,-0.7883954049901123,Friday
2024-06-20,2024-07-29,546.68,546.17,-0.5099999999999909,-0.09329040755103368,Monday
2024-06-20,2024-07-30,546.68,546.25,-0.42999999999995,-0.07865661813125595,Tuesday
2024-06-20,2024-07-31,546.68,549.16,2.480000000000018,0.45364747201288114,Wednesday
2024-06-20,2024-08-01,546.68,552.59,5.910000000000082,1.0810711933855421,Thursday
2024-06-20,2024-08-02,546.68,535.75,-10.92999999999995,-1.9993414794761015,Friday
2024-06-20,2024-08-05,546.68,511.49,-35.18999999999994,-6.437038121021428,Monday
2024-08-05,2024-08-06,517.62,519.56,1.9399999999999409,0.37479231868937457,Tuesday
2024-08-06,2024-08-07,522.55,528.54,5.990000000000009,1.146301789302461,Wednesday
2024-08-06,2024-08-08,522.55,523.98,1.4300000000000637,0.2736580231556911,Thursday
2024-08-08,2024-08-09,530.83,529.815,-1.0149999999999864,-0.1912099918994756,Friday
2024-08-08,2024-08-12,530.83,534.32,3.490000000000009,0.6574609573686507,Monday
2024-08-08,2024-08-13,530.83,536.585,5.7549999999999955,1.0841512348586166,Tuesday
2024-08-13,2024-08-14,541.86,542.95,1.0900000000000318,0.20115897095191226,Wednesday
2024-08-13,2024-08-15,541.86,549.76,7.899999999999977,1.45794116561473,Thursday
2024-08-13,2024-08-16,541.86,551.36,9.5,1.7532203890303768,Friday
2024-08-13,2024-08-19,541.86,554.75,12.889999999999986,2.3788432436422666,Monday
2024-08-13,2024-08-20,541.86,559.16,17.299999999999955,3.1927066031816254,Tuesday
2024-08-13,2024-08-21,541.86,559.765,17.904999999999973,3.3043590595356687,Wednesday
2024-08-21,2024-08-22,560.71,562.56,1.849999999999909,0.3299388275579014,Thursday
2024-08-21,2024-08-23,560.71,559.59,-1.1200000000000045,-0.19974674965668607,Friday
2024-08-21,2024-08-26,560.71,563.43,2.7199999999999136,0.48509924916622027,Monday
2024-08-21,2024-08-27,560.71,559.46,-1.25,-0.22293164024183623,Tuesday
2024-08-21,2024-08-28,560.71,561.195,0.48500000000001364,0.08649747641383489,Wednesday
2024-08-21,2024-08-29,560.71,560.27,-0.44000000000005457,-0.07847193736513608,Thursday
2024-08-29,2024-08-30,558.6,560.64,2.0399999999999636,0.36519871106336615,Friday
2024-08-30,2024-09-03,563.56,560.475,-3.0849999999999227,-0.5474128752927679,Tuesday
2024-09-03,2024-09-04,552.16,550.06,-2.1000000000000227,-0.38032454361055185,Wednesday
2024-09-03,2024-09-05,552.16,551.0,-1.1599999999999682,-0.21008403361343964,Thursday
2024-09-03,2024-09-06,552.16,550.005,-2.1549999999999727,-0.3902854245146285,Friday
2024-09-03,2024-09-09,552.16,544.68,-7.480000000000018,-1.3546798029556684,Monday
2024-09-03,2024-09-10,552.16,548.365,-3.794999999999959,-0.6873007823819108,Tuesday
2024-09-10,2024-09-11,548.63,548.69,0.06000000000005912,0.0109363323186955,Wednesday
2024-09-10,2024-09-12,548.63,555.085,6.455000000000041,1.1765670852851724,Thursday
2024-09-10,2024-09-13,548.63,559.71,11.080000000000041,2.019576034850453,Friday
2024-09-10,2024-09-16,548.63,561.79,13.159999999999968,2.398702221898177,Monday
2024-09-10,2024-09-17,548.63,565.11,16.480000000000018,3.003845943532074,Tuesday
2024-09-10,2024-09-18,548.63,563.71,15.080000000000041,2.7486648560961013,Wednesday
2024-09-10,2024-09-19,548.63,571.04,22.409999999999968,4.084720121028738,Thursday
2024-09-10,2024-09-20,548.63,567.86,19.230000000000018,3.5050945081384572,Friday
2024-09-10,2024-09-23,548.63,569.27,20.639999999999986,3.762098317627543,Monday
2024-09-23,2024-09-24,569.64,570.48,0.8400000000000318,0.1474615546661105,Tuesday
2024-09-24,2024-09-25,571.21,571.145,-0.06500000000005457,-0.011379352602379959,Wednesday
2024-09-24,2024-09-26,571.21,574.58,3.3700000000000045,0.589975665692128,Thursday
2024-09-24,2024-09-27,571.21,573.5,2.2899999999999636,0.40090334552965873,Friday
2024-09-24,2024-09-30,571.21,570.505,-0.7050000000000409,-0.12342220899494773,Monday
2024-09-24,2024-10-01,571.21,573.435,2.224999999999909,0.38952399292727874,Tuesday
2024-09-24,2024-10-02,571.21,567.71,-3.5,-0.612734370896868,Wednesday
2024-09-24,2024-10-03,571.21,567.38,-3.830000000000041,-0.6705064687242942,Thursday
2024-09-24,2024-10-04,571.21,572.35,1.1399999999999864,0.1995763379492632,Friday
2024-09-24,2024-10-07,571.21,571.26,0.049999999999954525,0.008753348155661582,Monday
2024-09-24,2024-10-08,571.21,570.41,-0.8000000000000682,-0.14005357049072464,Tuesday
2024-09-24,2024-10-09,571.21,573.16,1.9499999999999318,0.3413805780711003,Wednesday
2024-09-24,2024-10-10,571.21,575.72,4.509999999999991,0.7895520036413911,Thursday
2024-09-24,2024-10-11,571.21,575.955,4.7450000000000045,0.8306927399730404,Friday
2024-09-24,2024-10-14,571.21,581.215,10.004999999999995,1.7515449659494748,Monday
2024-09-24,2024-10-15,571.21,584.64,13.42999999999995,2.3511493146128304,Tuesday
2024-10-15,2024-10-16,579.79,579.785,-0.0049999999999954525,-0.000862381206987953,Wednesday
2024-10-16,2024-10-17,582.29,585.93,3.6399999999999864,0.6251180683164723,Thursday
2024-10-16,2024-10-18,582.29,584.09,1.8000000000000682,0.3091243194971695,Friday
2024-10-18,2024-10-21,584.53,583.91,-0.6200000000000045,-0.10606812310745464,Monday
2024-10-18,2024-10-22,584.53,581.05,-3.480000000000018,-0.5953501103450667,Tuesday
2024-10-18,2024-10-23,584.53,581.32,-3.2099999999999227,-0.5491591535079334,Wednesday
2024-10-18,2024-10-24,584.53,580.02,-4.509999999999991,-0.7715600567977676,Thursday
2024-10-18,2024-10-25,584.53,581.595,-2.9349999999999454,-0.5021128085812441,Friday
2024-10-18,2024-10-28,584.53,582.62,-1.9099999999999682,-0.32675825021811855,Monday
2024-10-28,2024-10-29,580.81,579.865,-0.9449999999999363,-0.1627038101960945,Tuesday
2024-10-28,2024-10-30,580.81,581.295,0.48500000000001364,0.08350407189959086,Wednesday
2024-10-30,2024-10-31,579.13,575.5,-3.6299999999999955,-0.6268022723740776,Thursday
2024-10-30,2024-11-01,579.13,571.26,-7.8700000000000045,-1.3589349541553717,Friday
2024-10-30,2024-11-04,579.13,571.17,-7.960000000000036,-1.3744755063629992,Monday
2024-10-30,2024-11-05,579.13,570.68,-8.450000000000045,-1.459085179493386,Tuesday
2024-10-30,2024-11-06,579.13,589.22,10.090000000000032,1.7422685752767137,Wednesday
2024-11-06,2024-11-07,591.04,593.21,2.1700000000000728,0.36714943151057,Thursday
2024-11-07,2024-11-08,595.59,596.26,0.6699999999999591,0.1124934938464311,Friday
2024-11-07,2024-11-11,595.59,599.91,4.319999999999936,0.7253311842038879,Monday
2024-11-11,2024-11-12,598.44,598.65,0.2099999999999227,0.03509123721675066,Tuesday
2024-11-11,2024-11-13,598.44,597.41,-1.0300000000000864,-0.17211416349175962,Wednesday
2024-11-11,2024-11-14,598.44,597.38,-1.0600000000000591,-0.17712719737986415,Thursday
2024-11-11,2024-11-15,598.44,589.72,-8.720000000000027,-1.4571218501437115,Friday
2024-11-11,2024-11-18,598.44,585.95,-12.490000000000009,-2.0870931087494164,Monday
2024-11-11,2024-11-19,598.44,584.74,-13.700000000000045,-2.289285475569822,Tuesday
2024-11-11,2024-11-20,598.44,590.44,-8.0,-1.3368090368290888,Wednesday
2024-11-11,2024-11-21,598.44,593.4,-5.040000000000077,-0.8421896932023389,Thursday
2024-11-11,2024-11-22,598.44,593.69,-4.75,-0.7937303656172715,Friday
2024-11-11,2024-11-25,598.44,599.49,1.0499999999999545,0.1754561860838103,Monday
2024-11-11,2024-11-26,598.44,598.815,0.375,0.06266292360136354,Tuesday
2024-11-11,2024-11-27,598.44,600.5,2.0599999999999454,0.34422832698348127,Wednesday
2024-11-11,2024-11-29,598.44,599.64,1.1999999999999318,0.2005213555243519,Friday
2024-11-11,2024-12-02,598.44,602.995,4.55499999999995,0.7611456453445541,Monday
2024-11-11,2024-12-03,598.44,603.45,5.009999999999991,0.8371766593142155,Tuesday
2024-12-03,2024-12-04,603.8,605.74,1.9400000000000546,0.3212984431931194,Wednesday
2024-12-04,2024-12-05,607.45,607.655,0.20499999999992724,0.03374763355007444,Thursday
2024-12-05,2024-12-06,606.5,607.47,0.9700000000000273,0.15993404781533838,Friday
2024-12-06,2024-12-09,607.95,607.59,-0.36000000000001364,-0.05921539600296301,Monday
2024-12-09,2024-12-10,604.58,605.36,0.7799999999999727,0.12901518409473894,Tuesday
2024-12-10,2024-12-11,602.92,605.77,2.8500000000000227,0.47269952895906975,Wednesday
2024-12-11,2024-12-12,607.25,606.59,-0.6599999999999682,-0.10868670234663946,Thursday
2024-12-12,2024-12-13,604.31,606.35,2.0400000000000773,0.3375750856348691,Friday
2024-12-13,2024-12-16,604.12,606.0,1.8799999999999955,0.31119645103621724,Monday
2024-12-16,2024-12-17,606.83,604.18,-2.650000000000091,-0.43669561491687797,Tuesday
2024-12-17,2024-12-18,603.8,603.975,0.1750000000000682,0.028983106989080527,Wednesday
2024-12-18,2024-12-19,586.52,591.355,4.835000000000036,0.8243538157266651,Thursday
2024-12-18,2024-12-20,586.52,581.77,-4.75,-0.8098615562981655,Friday
2024-12-18,2024-12-23,586.52,590.935,4.414999999999964,0.7527450044329203,Monday
2024-12-18,2024-12-24,586.52,596.11,9.590000000000032,1.6350678578735647,Tuesday
2024-12-18,2024-12-26,586.52,599.465,12.94500000000005,2.207085862374693,Thursday
2024-12-26,2024-12-27,601.34,597.47,-3.8700000000000045,-0.643562709947784,Friday
2024-12-26,2024-12-30,601.34,587.97,-13.370000000000005,-2.223367811886787,Monday
2024-12-26,2024-12-31,601.34,589.99,-11.350000000000023,-1.887451358632391,Tuesday
2024-12-26,2025-01-02,601.34,589.39,-11.950000000000045,-1.9872285229653848,Thursday
2024-12-26,2025-01-03,601.34,587.54,-13.800000000000068,-2.294874779658773,Friday
2024-12-26,2025-01-06,601.34,595.955,-5.384999999999991,-0.8955000498885806,Monday
2024-12-26,2025-01-07,601.34,597.435,-3.9050000000000864,-0.6493830445338887,Tuesday
2025-01-07,2025-01-08,588.75,588.68,-0.07000000000005002,-0.011889596602980895,Wednesday
2025-01-07,2025-01-10,588.75,585.87,-2.8799999999999955,-0.4891719745222923,Friday
2025-01-07,2025-01-13,588.75,575.76,-12.990000000000009,-2.2063694267515936,Monday
2025-01-07,2025-01-14,588.75,584.34,-4.409999999999968,-0.7490445859872558,Tuesday
2025-01-07,2025-01-15,588.75,590.57,1.82000000000005,0.30912951167729086,Wednesday
2025-01-07,2025-01-16,588.75,594.06,5.309999999999945,0.9019108280254684,Thursday
2025-01-07,2025-01-17,588.75,596.95,8.200000000000045,1.392781316348203,Friday
2025-01-17,2025-01-21,597.42,600.79,3.3700000000000045,0.5640922633992844,Tuesday
2025-01-17,2025-01-22,597.42,605.93,8.509999999999991,1.424458504904421,Wednesday
2025-01-22,2025-01-23,606.4,605.79,-0.6100000000000136,-0.10059366754617641,Thursday
2025-01-22,2025-01-24,606.4,609.795,3.394999999999982,0.5598614775725563,Friday
2025-01-24,2025-01-27,607.81,594.82,-12.989999999999895,-2.1371810269656466,Monday
2025-01-24,2025-01-28,607.81,600.71,-7.099999999999909,-1.1681281979565834,Tuesday
2025-01-24,2025-01-29,607.81,603.715,-4.094999999999914,-0.6737302775538268,Wednesday
2025-01-24,2025-01-30,607.81,604.035,-3.7749999999999773,-0.6210822460966383,Thursday
2025-01-24,2025-01-31,607.81,607.5,-0.30999999999994543,-0.051002780474152354,Friday
2025-01-24,2025-02-03,607.81,592.51,-15.299999999999955,-2.5172340040473102,Monday
2025-01-24,2025-02-04,607.81,597.635,-10.174999999999955,-1.6740428752406107,Tuesday
2025-01-24,2025-02-05,607.81,600.625,-7.184999999999945,-1.1821128313124079,Wednesday
2025-01-24,2025-02-06,607.81,605.99,-1.8199999999999363,-0.2994356789128077,Thursday
2025-02-06,2025-02-07,605.99,606.84,0.8500000000000227,0.1402663410287336,Friday
2025-02-06,2025-02-10,605.99,604.02,-1.9700000000000273,-0.3250878727371784,Monday
2025-02-06,2025-02-11,605.99,602.56,-3.4300000000000637,-0.5660159408571204,Tuesday
2025-02-06,2025-02-12,605.99,599.215,-6.774999999999977,-1.118005247611343,Wednesday
2025-02-12,2025-02-13,603.43,604.49,1.0600000000000591,0.1756624629203154,Thursday
2025-02-13,2025-02-14,609.61,609.94,0.3300000000000409,0.05413297025968093,Friday
2025-02-14,2025-02-18,609.73,610.885,1.1549999999999727,0.18942810752299752,Tuesday
2025-02-14,2025-02-19,609.73,610.055,0.3249999999999318,0.05330228133763006,Wednesday
2025-02-14,2025-02-20,609.73,611.54,1.8099999999999454,0.2968527052957777,Thursday
2025-02-20,2025-02-21,610.18,610.21,0.030000000000086402,0.004916581992213184,Friday
2025-02-20,2025-02-24,610.18,602.015,-8.164999999999964,-1.3381297322101617,Monday
2025-02-20,2025-02-25,610.18,597.13,-13.049999999999955,-2.1387131666065677,Tuesday
2025-02-20,2025-02-26,610.18,596.02,-14.159999999999968,-2.3206267003179337,Wednesday
2025-02-20,2025-02-27,610.18,596.88,-13.299999999999955,-2.1796846832082264,Thursday
2025-02-20,2025-02-28,610.18,585.36,-24.819999999999936,-4.067652168212649,Friday
2025-02-20,2025-03-03,610.18,596.18,-14.0,-2.294404929692878,Monday
2025-02-20,2025-03-04,610.18,579.71,-30.469999999999914,-4.993608443410127,Tuesday
2025-02-20,2025-03-05,610.18,576.65,-33.52999999999997,-5.495099806614437,Wednesday
2025-02-20,2025-03-06,610.18,575.485,-34.694999999999936,-5.68602707397816,Thursday
2025-03-06,2025-03-07,572.59,570.905,-1.6850000000000591,-0.2942768822368639,Friday
2025-03-06,2025-03-11,572.59,559.27,-13.32000000000005,-2.3262718524598838,Tuesday
2025-03-11,2025-03-12,556.07,562.19,6.1200000000000045,1.1005808621216762,Wednesday
2025-03-11,2025-03-13,556.07,558.395,2.324999999999932,0.41811282752170253,Thursday
2025-03-11,2025-03-14,556.07,556.13,0.05999999999994543,0.010790008452163474,Friday
2025-03-11,2025-03-17,556.07,562.815,6.7450000000000045,1.2129767834984813,Monday
2025-03-11,2025-03-18,556.07,564.79,8.719999999999914,1.5681478950491687,Tuesday
2025-03-11,2025-03-19,556.07,562.83,6.759999999999991,1.2156742856115221,Wednesday
2025-03-11,2025-03-20,556.07,563.135,7.064999999999941,1.270523495243394,Thursday
2025-03-11,2025-03-21,556.07,559.21,3.1399999999999864,0.5646771089970662,Friday
2025-03-11,2025-03-24,556.07,570.76,14.68999999999994,2.6417537360404157,Monday
2025-03-11,2025-03-25,556.07,575.4,19.329999999999927,3.4761810563418143,Tuesday
2025-03-11,2025-03-26,556.07,575.205,19.13499999999999,3.4411135288722625,Wednesday
2025-03-11,2025-03-27,556.07,567.185,11.114999999999895,1.9988490657650824,Thursday
2025-03-11,2025-03-28,556.07,565.375,9.30499999999995,1.6733504774578647,Friday
2025-03-11,2025-03-31,556.07,549.83,-6.240000000000009,-1.1221608790260236,Monday
2025-03-11,2025-04-01,556.07,557.45,1.3799999999999955,0.24817019439998478,Tuesday
2025-03-11,2025-04-02,556.07,555.08,-0.9900000000000091,-0.17803513946086086,Wednesday
2025-03-11,2025-04-03,556.07,545.13,-10.940000000000055,-1.9673782077796058,Thursday
2025-04-03,2025-04-04,537.8,523.64,-14.159999999999968,-2.6329490516920733,Friday
2025-04-04,2025-04-07,505.56,489.14,-16.420000000000016,-3.2478835350898043,Monday
2025-04-04,2025-04-08,505.56,521.95,16.390000000000043,3.241949521322898,Tuesday
2025-04-04,2025-04-09,505.56,494.72,-10.839999999999975,-2.1441569744441757,Wednesday
2025-04-09,2025-04-10,544.57,532.18,-12.3900000000001,-2.275189599133279,Thursday
2025-04-10,2025-04-11,524.07,522.99,-1.080000000000041,-0.20607934054611804,Friday
2025-04-10,2025-04-14,524.07,544.055,19.9849999999999,3.8134218711240666,Monday
2025-04-10,2025-04-15,524.07,539.67,15.599999999999909,2.9767015856660195,Tuesday
2025-04-10,2025-04-16,524.07,531.645,7.574999999999932,1.445417596885899,Wednesday
2025-04-10,2025-04-17,524.07,527.53,3.4599999999999227,0.6602171465643754,Thursday
2025-04-17,2025-04-21,526.37,521.19,-5.17999999999995,-0.984098637840293,Monday
2025-04-17,2025-04-22,526.37,520.18,-6.190000000000055,-1.1759788741759702,Tuesday
2025-04-17,2025-04-23,526.37,540.45,14.080000000000041,2.6749244827782817,Wednesday
2025-04-17,2025-04-24,526.37,536.69,10.32000000000005,1.9605980583999945,Thursday
2025-04-17,2025-04-25,526.37,547.32,20.950000000000045,3.980090050724784,Friday
2025-04-17,2025-04-28,526.37,551.26,24.889999999999986,4.728612952865852,Monday
2025-04-17,2025-04-29,526.37,548.89,22.519999999999982,4.278359328989111,Tuesday
2025-04-29,2025-04-30,554.25,547.53,-6.720000000000027,-1.2124492557510198,Wednesday
2025-04-29,2025-05-01,554.25,560.41,6.159999999999968,1.111411817771758,Thursday
2025-04-29,2025-05-02,554.25,564.74,10.490000000000009,1.892647722147047,Friday
2025-05-02,2025-05-05,566.58,562.6,-3.980000000000018,-0.702460376292848,Monday
2025-05-02,2025-05-06,566.58,557.935,-8.645000000000095,-1.5258215962441484,Tuesday
2025-05-02,2025-05-07,566.58,560.2,-6.3799999999999955,-1.1260545730523481,Wednesday
2025-05-02,2025-05-08,566.58,565.28,-1.3000000000000682,-0.2294468565780769,Thursday
2025-05-02,2025-05-09,566.58,566.49,-0.09000000000003183,-0.01588478237848703,Friday
2025-05-02,2025-05-12,566.58,581.475,14.894999999999982,2.6289314836386706,Monday
2025-05-02,2025-05-13,566.58,583.46,16.879999999999995,2.97927918387518,Tuesday
2025-05-02,2025-05-14,566.58,587.83,21.25,3.7505736171414448,Wednesday
2025-05-02,2025-05-15,566.58,585.58,19.0,3.3534540576794094,Thursday
2025-05-02,2025-05-16,566.58,591.27,24.68999999999994,4.35772529916339,Friday
2025-05-16,2025-05-19,594.02,588.15,-5.8700000000000045,-0.9881822160870012,Monday
2025-05-16,2025-05-20,594.02,593.105,-0.9149999999999636,-0.15403521766943262,Tuesday
2025-05-16,2025-05-21,594.02,588.58,-5.439999999999941,-0.9157940810073637,Wednesday
2025-05-16,2025-05-22,594.02,582.655,-11.365000000000009,-1.9132352446045604,Thursday
2025-05-22,2025-05-23,583.25,575.87,-7.3799999999999955,-1.265323617659665,Friday
2025-05-22,2025-05-27,583.25,586.09,2.840000000000032,0.4869267038148361,Tuesday
2025-05-27,2025-05-28,590.97,591.575,0.6050000000000182,0.10237406298120348,Wednesday
2025-05-27,2025-05-29,590.97,593.1,2.1299999999999955,0.3604243870247213,Thursday
2025-05-29,2025-05-30,589.74,588.96,-0.7799999999999727,-0.13226167463627575,Friday
2025-05-29,2025-06-02,589.74,587.76,-1.9800000000000182,-0.33574117407671483,Monday
2025-06-02,2025-06-03,592.85,592.43,-0.42000000000007276,-0.07084422703889226,Tuesday
2025-06-03,2025-06-04,595.87,596.985,1.115000000000009,0.18712135197274724,Wednesday
2025-06-04,2025-06-05,595.89,597.66,1.7699999999999818,0.29703468761012636,Thursday
2025-06-04,2025-06-06,595.89,598.62,2.730000000000018,0.45813824699189754,Friday
2025-06-04,2025-06-09,595.89,599.75,3.8600000000000136,0.6477705616808495,Monday
2025-06-04,2025-06-10,595.89,600.335,4.44500000000005,0.7459430431791186,Tuesday
2025-06-04,2025-06-11,595.89,604.18,8.289999999999964,1.3911963617446113,Wednesday
2025-06-04,2025-06-12,595.89,600.02,4.1299999999999955,0.6930809377569678,Thursday
2025-06-04,2025-06-13,595.89,598.54,2.6499999999999773,0.4447129503767436,Friday
2025-06-04,2025-06-16,595.89,600.43,4.539999999999964,0.7618855829095913,Monday
2025-06-04,2025-06-17,595.89,600.22,4.330000000000041,0.7266441792948432,Tuesday
2025-06-04,2025-06-18,595.89,598.405,2.5149999999999864,0.42205776233868436,Wednesday
2025-06-04,2025-06-20,595.89,598.385,2.4950000000000045,0.4187014381849007,Friday
2025-06-04,2025-06-23,595.89,595.07,-0.8199999999999363,-0.137609290305247,Monday
2025-06-04,2025-06-24,595.89,604.325,8.43500000000006,1.4155297118595813,Tuesday
2025-06-24,2025-06-25,606.9,607.91,1.009999999999991,0.1664195089800611,Wednesday
2025-06-24,2025-06-26,606.9,609.02,2.1200000000000045,0.34931619706706285,Thursday
2025-06-24,2025-06-27,606.9,612.895,5.9950000000000045,0.9878068874608675,Friday
2025-06-24,2025-06-30,606.9,617.4,10.5,1.7301038062283738,Monday
2025-06-24,2025-07-01,606.9,616.395,9.495000000000005,1.564508156203659,Tuesday
2025-07-01,2025-07-02,617.48,617.29,-0.19000000000005457,-0.03077022737579429,Wednesday
2025-07-02,2025-07-03,620.28,622.47,2.1900000000000546,0.3530663571290473,Thursday
2025-07-02,2025-07-07,620.28,623.33,3.050000000000068,0.49171341974593225,Monday
2025-07-02,2025-07-08,620.28,621.29,1.009999999999991,0.16282968981750032,Tuesday
2025-07-08,2025-07-09,620.31,622.73,2.4200000000000728,0.3901275168867297,Wednesday
2025-07-09,2025-07-10,624.04,624.22,0.18000000000006366,0.02884430485226326,Thursday
2025-07-10,2025-07-11,625.73,622.73,-3.0,-0.4794400140635737,Friday
2025-07-11,2025-07-14,623.61,623.13,-0.4800000000000182,-0.07697118391302549,Monday
2025-07-14,2025-07-15,624.76,627.53,2.769999999999982,0.44337025417760134,Tuesday
2025-07-14,2025-07-16,624.76,623.71,-1.0499999999999545,-0.16806453678211705,Wednesday
2025-07-16,2025-07-17,624.06,624.32,0.2600000000001046,0.04166266064162174,Thursday
2025-07-16,2025-07-18,624.06,629.25,5.190000000000055,0.8316508028074312,Friday
2025-07-18,2025-07-21,627.51,628.76,1.25,0.19920001274880084,Monday
2025-07-21,2025-07-22,628.7,628.975,0.27499999999997726,0.04374105296643506,Tuesday
2025-07-22,2025-07-23,628.74,631.54,2.7999999999999545,0.4453351146737848,Wednesday
2025-07-23,2025-07-24,633.92,634.61,0.6900000000000546,0.10884654215043771,Thursday
2025-07-24,2025-07-25,634.34,635.13,0.7899999999999636,0.12453889081564518,Friday
2025-07-24,2025-07-28,634.34,637.465,3.125,0.49263801746697355,Monday
2025-07-28,2025-07-29,637.05,638.35,1.3000000000000682,0.20406561494389266,Tuesday
2025-07-29,2025-07-30,635.14,636.0,0.8600000000000136,0.13540321818811815,Wednesday
2025-07-29,2025-07-31,635.14,639.46,4.32000000000005,0.6801650029914743,Thursday
2025-07-29,2025-08-01,635.14,626.33,-8.809999999999945,-1.3870957584154588,Friday
2025-07-29,2025-08-04,635.14,625.72,-9.419999999999959,-1.4831375759674967,Monday
2025-08-04,2025-08-05,630.99,631.79,0.7999999999999545,0.12678489357992273,Tuesday
2025-08-04,2025-08-06,630.99,629.06,-1.9300000000000637,-0.3058685557615911,Wednesday
2025-08-06,2025-08-07,632.47,636.255,3.784999999999968,0.5984473571868971,Thursday
2025-08-06,2025-08-08,632.47,634.11,1.6399999999999864,0.2593008364033055,Friday
2025-08-08,2025-08-11,637.21,637.51,0.2999999999999545,0.04708024042308729,Monday
2025-08-08,2025-08-12,637.21,638.29,1.0799999999999272,0.1694888655231285,Tuesday
2025-08-12,2025-08-13,642.61,644.87,2.259999999999991,0.35169076111482717,Wednesday
2025-08-13,2025-08-14,645.08,642.805,-2.275000000000091,-0.35266943634899406,Thursday
2025-08-14,2025-08-15,644.76,646.06,1.2999999999999545,0.20162541100563844,Friday
2025-08-15,2025-08-18,643.16,642.855,-0.30499999999995,-0.047422103364629334,Monday
2025-08-18,2025-08-19,643.25,643.155,-0.09500000000002728,-0.014768752429075365,Tuesday
2025-08-19,2025-08-20,639.77,639.39,-0.37999999999999545,-0.05939634556168552,Wednesday
2025-08-19,2025-08-21,639.77,636.22,-3.5499999999999545,-0.5548869124841669,Thursday
2025-08-19,2025-08-22,639.77,637.755,-2.0149999999999864,-0.3149569376494657,Friday
2025-08-22,2025-08-25,645.23,644.01,-1.2200000000000273,-0.1890798629945953,Monday
2025-08-25,2025-08-26,642.63,642.1,-0.5299999999999727,-0.08247358511117948,Tuesday
2025-08-26,2025-08-27,645.12,644.555,-0.5650000000000546,-0.08758060515873863,Wednesday
2025-08-27,2025-08-28,646.54,647.165,0.625,0.09666841958734186,Thursday
2025-08-28,2025-08-29,648.66,647.455,-1.2049999999999272,-0.18576758240063013,Friday
2025-08-29,2025-09-02,645.03,637.5,-7.529999999999973,-1.1673875633691413,Tuesday
2025-09-02,2025-09-03,640.29,642.78,2.490000000000009,0.3888862859017022,Wednesday
2025-09-03,2025-09-04,643.8,644.43,0.6299999999999955,0.09785647716682129,Thursday
2025-09-04,2025-09-05,648.75,651.455,2.705000000000041,0.41695568400771343,Friday
2025-09-04,2025-09-08,648.75,648.645,-0.10500000000001819,-0.016184971098268698,Monday
2025-09-04,2025-09-09,648.75,648.945,0.19500000000005002,0.030057803468215804,Tuesday
2025-09-09,2025-09-10,650.18,653.625,3.44500000000005,0.5298532714017734,Wednesday
2025-09-10,2025-09-11,652.11,654.25,2.1399999999999864,0.3281654935516993,Thursday
2025-09-11,2025-09-12,657.48,657.59,0.11000000000001364,0.016730546936791026,Friday
2025-09-12,2025-09-15,657.25,659.58,2.330000000000041,0.35450741726892976,Monday
2025-09-15,2025-09-16,660.65,661.47,0.82000000000005,0.12412018466662379,Tuesday
2025-09-16,2025-09-17,659.91,660.04,0.12999999999999545,0.01969965601369815,Wednesday
2025-09-16,2025-09-18,659.91,661.9,1.990000000000009,0.3015562728250836,Thursday
2025-09-16,2025-09-19,659.91,662.305,2.394999999999982,0.36292827809852585,Friday
2025-09-19,2025-09-22,663.75,662.21,-1.5399999999999636,-0.23201506591336551,Monday
2025-09-22,2025-09-23,666.52,666.73,0.21000000000003638,0.03150693152494095,Tuesday
2025-09-22,2025-09-24,666.52,664.48,-2.0399999999999636,-0.30606733481365356,Wednesday
2025-09-24,2025-09-25,661.34,657.93,-3.410000000000082,-0.515619802219748,Thursday
2025-09-25,2025-09-26,658.16,659.505,1.3450000000000273,0.2043576030144687,Friday
2025-09-26,2025-09-29,661.84,664.375,2.534999999999968,0.3830230871509682,Monday
2025-09-29,2025-09-30,663.69,662.91,-0.7800000000000864,-0.1175247479998322,Tuesday
2025-09-29,2025-10-01,663.69,663.195,-0.49500000000000455,-0.07458301315373209,Wednesday
2025-10-01,2025-10-02,668.33,670.455,2.125,0.3179566980383942,Thursday
2025-10-02,2025-10-03,669.25,670.005,0.7549999999999955,0.11281285020545317,Friday
2025-10-03,2025-10-06,669.2,671.625,2.4249999999999545,0.3623729826658629,Monday
2025-10-03,2025-10-07,669.2,672.55,3.349999999999909,0.5005977286311878,Tuesday
2025-10-07,2025-10-08,669.34,670.285,0.9449999999999363,0.14118385275046108,Wednesday
2025-10-08,2025-10-09,672.93,673.52,0.5900000000000318,0.08767628133684513,Thursday
2025-10-09,2025-10-10,671.17,672.145,0.9750000000000227,0.14526870986486623,Friday
2025-10-09,2025-10-13,671.17,660.695,-10.474999999999909,-1.5607074213686412,Monday
2025-10-13,2025-10-14,662.94,657.17,-5.7700000000000955,-0.8703653422632659,Tuesday
2025-10-14,2025-10-15,662.36,666.775,4.414999999999964,0.6665559514463378,Wednesday
2025-10-14,2025-10-16,662.36,666.835,4.475000000000023,0.6756144694727977,Thursday
2025-10-14,2025-10-17,662.36,659.53,-2.830000000000041,-0.4272601002476057,Friday
2025-10-14,2025-10-20,662.36,667.305,4.944999999999936,0.7465728606799832,Monday
2025-10-20,2025-10-21,671.17,671.35,0.18000000000006366,0.026818838744291862,Tuesday
2025-10-20,2025-10-22,671.17,671.68,0.5099999999999909,0.07598670977546537,Wednesday
2025-10-20,2025-10-23,671.17,668.12,-3.0499999999999545,-0.4544303231670001,Thursday
2025-10-23,2025-10-24,671.69,676.425,4.7349999999999,0.7049382899849483,Friday
2025-10-24,2025-10-27,677.12,682.72,5.600000000000023,0.8270321361058635,Monday
2025-10-27,2025-10-28,685.22,687.04,1.8199999999999363,0.2656081258573796,Tuesday
2025-10-28,2025-10-29,686.87,688.72,1.8500000000000227,0.2693377203837732,Wednesday
2025-10-28,2025-10-30,686.87,683.68,-3.1900000000000546,-0.4644255827158057,Thursday
2025-10-28,2025-10-31,686.87,684.98,-1.8899999999999864,-0.2751612386623359,Friday
2025-10-28,2025-11-03,686.87,685.67,-1.2000000000000455,-0.17470554835704652,Monday
2025-11-03,2025-11-04,683.12,676.08,-7.039999999999964,-1.030565640004679,Tuesday
2025-11-03,2025-11-05,683.12,674.955,-8.164999999999964,-1.1952512003747457,Wednesday
2025-11-03,2025-11-06,683.12,676.535,-6.585000000000036,-0.963959480032796,Thursday
2025-11-03,2025-11-07,683.12,667.885,-15.235000000000014,-2.2302084553226393,Friday
2025-11-03,2025-11-10,683.12,677.24,-5.8799999999999955,-0.8607565288675482,Monday
2025-11-10,2025-11-11,681.38,679.945,-1.4349999999999454,-0.21060201356070699,Tuesday
2025-11-10,2025-11-12,681.38,684.84,3.4600000000000364,0.5077930083066771,Wednesday
2025-11-10,2025-11-13,681.38,680.495,-0.8849999999999909,-0.12988347177786125,Thursday
2025-11-13,2025-11-14,672.53,665.36,-7.169999999999959,-1.066123444307311,Friday
2025-11-13,2025-11-17,672.53,669.655,-2.875,-0.42749022348445426,Monday
2025-11-13,2025-11-18,672.53,661.925,-10.605000000000018,-1.5768813287139634,Tuesday
2025-11-13,2025-11-19,672.53,660.78,-11.75,-1.7471339568495088,Wednesday
2025-11-19,2025-11-20,662.75,672.945,10.19500000000005,1.538287438702384,Thursday
2025-11-20,2025-11-21,652.56,654.72,2.160000000000082,0.3310040456050144,Friday
2025-11-20,2025-11-24,652.56,662.645,10.085000000000036,1.545451759225211,Monday
2025-11-20,2025-11-25,652.56,668.625,16.065000000000055,2.4618425891872096,Tuesday
2025-11-20,2025-11-26,652.56,677.625,25.065000000000055,3.841026112541384,Wednesday
2025-11-26,2025-11-28,680.0,680.88,0.8799999999999955,0.1294117647058817,Friday
2025-11-26,2025-12-01,680.0,678.825,-1.1749999999999545,-0.17279411764705213,Monday
2025-12-01,2025-12-02,680.25,681.82,1.57000000000005,0.2307975009187872,Tuesday
2025-12-01,2025-12-03,680.25,680.56,0.30999999999994543,0.045571481073126856,Wednesday
2025-12-03,2025-12-04,683.89,685.3,1.4099999999999682,0.20617350743540164,Thursday
2025-12-04,2025-12-05,684.33,685.48,1.1499999999999773,0.1680475793842119,Friday
2025-12-04,2025-12-08,684.33,686.46,2.1299999999999955,0.3112533426855457,Monday
2025-12-08,2025-12-09,683.61,683.11,-0.5,-0.0731411184739837,Tuesday
2025-12-09,2025-12-10,682.99,682.525,-0.46500000000003183,-0.06808298803789688,Wednesday
2025-12-09,2025-12-11,682.99,685.14,2.1499999999999773,0.3147923102827241,Thursday
2025-12-09,2025-12-12,682.99,688.185,5.194999999999936,0.7606260706598832,Friday
2025-12-12,2025-12-15,682.12,685.745,3.625,0.5314314196915498,Monday
2025-12-12,2025-12-16,682.12,679.09,-3.0299999999999727,-0.444203365976657,Tuesday
2025-12-12,2025-12-17,682.12,679.77,-2.3500000000000227,-0.344514161731077,Wednesday
2025-12-12,2025-12-18,682.12,677.59,-4.529999999999973,-0.6641060224007466,Thursday
2025-12-12,2025-12-19,682.12,676.61,-5.509999999999991,-0.8077757579311544,Friday
2025-12-19,2025-12-22,680.46,683.925,3.464999999999918,0.5092143549951382,Monday
2025-12-22,2025-12-23,684.99,683.895,-1.0950000000000273,-0.1598563482678619,Tuesday
2025-12-23,2025-12-24,687.7,687.92,0.2199999999999136,0.03199069361638993,Wednesday
2025-12-23,2025-12-26,687.7,690.555,2.8549999999999045,0.41515195579466396,Friday
2025-12-26,2025-12-29,690.23,687.565,-2.6649999999999636,-0.3861031829969667,Monday
2025-12-29,2025-12-30,687.68,687.43,-0.25,-0.03635411819450908,Tuesday
2025-12-30,2025-12-31,687.01,687.145,0.1349999999999909,0.019650368990260826,Wednesday
2025-12-30,2026-01-02,687.01,685.51,-1.5,-0.21833743322513502,Friday
2025-12-30,2026-01-05,687.01,686.51,-0.5,-0.07277914440837834,Monday
2026-01-05,2026-01-06,687.53,687.92,0.38999999999998636,0.05672479746338143,Tuesday
