date,day_of_week,weekday,open,close,high,low,volume,daily_return,daily_return_pct
2023-01-03,Tuesday,1,384.33,380.92,386.425,377.89,1210165.0,-3.409999999999968,-0.8872583456924956
2023-01-04,Wednesday,2,383.2,383.75,385.82,380.05,1299133.0,0.5500000000000114,0.14352818371607812
2023-01-05,Thursday,3,381.56,379.64,381.83,378.8,1035732.0,-1.920000000000016,-0.5031974001467701
2023-01-06,Friday,4,382.71,388.01,389.24,379.56,1586583.0,5.300000000000011,1.3848605994094776
2023-01-09,Monday,0,390.375,387.9,393.64,387.67,930074.0,-2.4750000000000227,-0.6340057636887666
2023-01-10,Tuesday,1,387.21,390.6,390.63,386.28,830758.0,3.390000000000043,0.8754939180289877
2023-01-11,Wednesday,2,392.38,395.43,395.59,391.48,959104.0,3.0500000000000114,0.7773077119119249
2023-01-12,Thursday,3,396.74,396.95,398.46,392.46,1073663.0,0.20999999999997954,0.05293139083530259
2023-01-13,Friday,4,393.65,398.58,399.08,393.38,823450.0,4.930000000000007,1.2523815572208834
2023-01-17,Tuesday,1,398.52,397.92,400.19,397.1,856894.0,-0.5999999999999659,-0.15055706112615827
2023-01-18,Wednesday,2,399.14,391.44,400.1,391.3,1626786.0,-7.699999999999989,-1.9291476674850903
2023-01-19,Thursday,3,389.16,388.57,391.06,387.3,1211322.0,-0.5900000000000318,-0.1516085928666954
2023-01-20,Friday,4,389.95,395.49,396.03,388.42,1226044.0,5.5400000000000205,1.4206949608924273
2023-01-23,Monday,0,396.82,400.59,402.635,395.74,1236211.0,3.769999999999982,0.9500529207197171
2023-01-24,Tuesday,1,398.88,400.21,401.145,397.72,801854.0,1.329999999999984,0.3334336141195307
2023-01-25,Wednesday,2,395.83,400.34,400.68,393.59,1216809.0,4.509999999999991,1.1393780158148676
2023-01-26,Thursday,3,403.21,404.86,404.91,400.04,1020769.0,1.650000000000034,0.4092160412688262
2023-01-27,Friday,4,403.73,405.78,408.145,403.485,1146583.0,2.0499999999999545,0.507765090530789
2023-01-30,Monday,0,402.745,400.63,405.1,400.305,1342317.0,-2.115000000000009,-0.5251461843101737
2023-01-31,Tuesday,1,401.12,406.14,406.51,400.86,1093450.0,5.019999999999982,1.2514958117271593
2023-02-01,Wednesday,2,405.1,410.65,413.65,402.39,1457529.0,5.5499999999999545,1.3700320908417563
2023-02-02,Thursday,3,414.85,416.73,418.27,412.89,1588263.0,1.8799999999999955,0.4531758466915742
2023-02-03,Friday,4,411.55,412.3,416.91,411.125,1114958.0,0.75,0.18223788118090148
2023-02-06,Monday,0,409.82,409.95,411.23,408.11,747077.0,0.12999999999999545,0.03172124347274302
2023-02-07,Tuesday,1,408.89,415.25,416.49,407.74,1287954.0,6.360000000000014,1.555430555895232
2023-02-08,Wednesday,2,413.15,410.7,414.53,409.97,1520962.0,-2.4499999999999886,-0.5930049618782497
2023-02-09,Thursday,3,414.5,407.15,414.55,405.89,1542974.0,-7.350000000000023,-1.7732207478890285
2023-02-10,Friday,4,405.94,408.01,408.44,405.045,1075782.0,2.069999999999993,0.5099275755037673
2023-02-13,Monday,0,408.76,412.82,412.96,408.24,881922.0,4.060000000000002,0.9932478716117042
2023-02-14,Tuesday,1,411.24,412.72,415.02,408.52,1146599.0,1.4800000000000182,0.35988717050870983
2023-02-15,Wednesday,2,410.44,413.87,413.955,409.785,814410.0,3.430000000000007,0.8356885293831027
2023-02-16,Thursday,3,408.82,408.27,412.91,408.2,1159378.0,-0.5500000000000114,-0.1345335355413168
2023-02-17,Friday,4,405.97,407.255,407.49,404.075,1220860.0,1.2849999999999682,0.3165258516639082
2023-02-21,Tuesday,1,403.1,399.36,404.075,398.83,1510066.0,-3.740000000000009,-0.927809476556688
2023-02-22,Wednesday,2,399.51,398.53,401.13,397.03,1163000.0,-0.9800000000000182,-0.24530049310405702
2023-02-23,Thursday,3,401.53,400.6,402.2,396.29,1387898.0,-0.92999999999995,-0.23161407615868057
2023-02-24,Friday,4,395.4,396.44,397.235,393.69,1229611.0,1.0400000000000205,0.2630247850278251
2023-02-27,Monday,0,399.92,397.695,401.21,396.77,869729.0,-2.2250000000000227,-0.5563612722544565
2023-02-28,Tuesday,1,397.29,395.92,399.23,395.82,995606.0,-1.3700000000000045,-0.34483626570011944
2023-03-01,Wednesday,2,395.38,394.715,396.675,393.4,1049805.0,-0.6650000000000205,-0.16819262481663727
2023-03-02,Thursday,3,392.69,397.83,398.685,392.37,1343913.0,5.139999999999986,1.3089205225495903
2023-03-03,Friday,4,399.71,404.08,404.415,399.035,1233344.0,4.3700000000000045,1.0932926371619436
2023-03-06,Monday,0,405.13,404.56,407.44,404.03,990207.0,-0.5699999999999932,-0.14069557919679934
2023-03-07,Tuesday,1,404.415,398.29,404.65,397.625,1379791.0,-6.125,-1.5145333382787483
2023-03-08,Wednesday,2,398.41,398.87,399.7,396.62,1162497.0,0.45999999999997954,0.11545894932355602
2023-03-09,Thursday,3,399.74,391.65,401.46,390.535,1858977.0,-8.090000000000032,-2.0238154800620483
2023-03-10,Friday,4,390.98,385.885,393.14,384.34,2657856.0,-5.095000000000027,-1.3031357102665166
2023-03-13,Monday,0,381.78,385.33,390.32,380.69,2708089.0,3.5500000000000114,0.9298548902509329
2023-03-14,Tuesday,1,390.49,391.68,393.41,387.06,2741996.0,1.1899999999999977,0.3047453199825854
2023-03-15,Wednesday,2,385.72,389.29,389.41,383.74,2279982.0,3.569999999999993,0.9255418438245341
2023-03-16,Thursday,3,386.99,396.03,396.43,386.3,1907177.0,9.039999999999964,2.335977673841692
2023-03-17,Friday,4,393.2,390.12,394.29,388.555,1782180.0,-3.079999999999984,-0.7833163784333632
2023-03-20,Monday,0,390.82,393.65,394.15,390.11,1512294.0,2.829999999999984,0.7241185200347946
2023-03-21,Tuesday,1,397.26,398.93,399.4,395.59,1619884.0,1.670000000000016,0.42037960026179727
2023-03-22,Wednesday,2,398.735,392.19,402.48,392.12,1861483.0,-6.545000000000016,-1.6414410573438536
2023-03-23,Thursday,3,395.08,393.29,399.275,390.41,1687992.0,-1.7899999999999636,-0.4530727953832044
2023-03-24,Friday,4,391.81,395.7,395.83,389.4,1332313.0,3.8899999999999864,0.9928281565044247
2023-03-27,Monday,0,398.13,396.43,398.87,395.56,1311822.0,-1.6999999999999886,-0.42699620726897963
2023-03-28,Tuesday,1,395.74,395.695,396.44,393.7,970753.0,-0.045000000000015916,-0.011371102238847706
2023-03-29,Wednesday,2,399.93,401.33,401.595,398.73,1495215.0,1.3999999999999773,0.35006126072062044
2023-03-30,Thursday,3,404.06,403.63,404.34,401.76,1332663.0,-0.4300000000000068,-0.10641983863782777
2023-03-31,Friday,4,404.68,409.32,409.67,404.6,1656290.0,4.639999999999986,1.1465849560146255
2023-04-03,Monday,0,408.87,411.01,411.37,408.45,1474514.0,2.1399999999999864,0.5233937437327234
2023-04-04,Tuesday,1,411.61,408.7,411.92,407.26,1654285.0,-2.910000000000025,-0.7069799081655026
2023-04-05,Wednesday,2,407.88,407.65,408.61,405.9,1208972.0,-0.2300000000000182,-0.05638913405904143
2023-04-06,Thursday,3,406.77,409.11,409.47,405.69,1469371.0,2.340000000000032,0.5752636625119925
2023-04-10,Monday,0,406.6,409.57,409.68,405.985,1193914.0,2.9699999999999704,0.7304476143630031
2023-04-11,Tuesday,1,410.12,409.87,411.16,408.95,1010009.0,-0.25,-0.06095776845801229
2023-04-12,Wednesday,2,411.92,408.04,412.16,407.45,1263097.0,-3.8799999999999955,-0.9419304719362972
2023-04-13,Thursday,3,409.21,413.4,413.835,408.72,1663605.0,4.189999999999998,1.023924146526233
2023-04-14,Friday,4,412.85,412.495,415.09,410.085,1166441.0,-0.3550000000000182,-0.08598764684510553
2023-04-17,Monday,0,412.38,413.95,413.99,411.095,1093852.0,1.5699999999999932,0.38071681458848466
2023-04-18,Tuesday,1,415.63,414.215,415.72,412.79,1262950.0,-1.4150000000000205,-0.3404470322161587
2023-04-19,Wednesday,2,412.21,413.96,415.06,412.21,1063697.0,1.75,0.42454088935251455
2023-04-20,Thursday,3,411.18,411.98,413.69,410.27,1356409.0,0.8000000000000114,0.19456199231480406
2023-04-21,Friday,4,412.11,412.17,412.66,410.24,923362.0,0.060000000000002274,0.014559219625828608
2023-04-24,Monday,0,411.98,412.63,413.05,410.62,992899.0,0.6499999999999773,0.15777464925481266
2023-04-25,Tuesday,1,410.57,406.12,411.14,406.04,1590310.0,-4.449999999999989,-1.083859025257566
2023-04-26,Wednesday,2,406.75,404.4,407.83,403.785,1644770.0,-2.3500000000000227,-0.5777504609711182
2023-04-27,Thursday,3,406.99,412.38,412.675,406.75,1988345.0,5.389999999999986,1.324356863805004
2023-04-28,Friday,4,411.48,416.17,416.27,411.47,1653267.0,4.689999999999998,1.1397880820452992
2023-05-01,Monday,0,415.48,415.64,417.6,415.275,1044319.0,0.15999999999996817,0.03850967555597578
2023-05-02,Tuesday,1,414.79,410.825,414.8,407.82,1677631.0,-3.965000000000032,-0.9559053979122042
2023-05-03,Wednesday,2,411.38,407.96,413.84,407.79,1071044.0,-3.420000000000016,-0.8313481452671535
2023-05-04,Thursday,3,406.92,405.03,407.165,403.75,1690446.0,-1.8900000000000432,-0.4644647596579286
2023-05-05,Friday,4,408.76,412.42,413.7,408.65,1540289.0,3.660000000000025,0.8953909384479952
2023-05-08,Monday,0,412.96,412.8,413.22,411.285,918132.0,-0.15999999999996817,-0.03874467260750876
2023-05-09,Tuesday,1,411.15,410.94,412.07,410.72,831220.0,-0.20999999999997954,-0.051076249543957085
2023-05-10,Wednesday,2,413.88,412.94,414.51,408.88,1419961.0,-0.9399999999999977,-0.22711897168261277
2023-05-11,Thursday,3,411.965,412.25,412.39,409.97,985082.0,0.285000000000025,0.06918063427718982
2023-05-12,Friday,4,413.43,411.57,413.63,409.11,966682.0,-1.8600000000000136,-0.4498947826717978
2023-05-15,Monday,0,412.27,412.84,413.39,410.26,805385.0,0.5699999999999932,0.13825890799718465
2023-05-16,Tuesday,1,411.85,410.28,412.78,410.25,998686.0,-1.57000000000005,-0.381206750030363
2023-05-17,Wednesday,2,412.34,415.0,415.84,410.65,1328808.0,2.660000000000025,0.64509870495223
2023-05-18,Thursday,3,414.96,419.15,419.66,414.7,1103303.0,4.189999999999998,1.0097358781569303
2023-05-19,Friday,4,420.2,418.58,420.71,417.355,1149321.0,-1.6200000000000045,-0.3855306996668264
2023-05-22,Monday,0,418.8,418.73,420.37,417.37,920198.0,-0.06999999999999318,-0.016714422158546606
2023-05-23,Tuesday,1,417.09,414.11,418.06,413.685,1099484.0,-2.9799999999999613,-0.7144740943201615
2023-05-24,Wednesday,2,412.41,410.985,412.78,409.895,1202504.0,-1.4250000000000114,-0.34552993380374175
2023-05-25,Thursday,3,414.74,414.59,416.07,412.43,1518186.0,-0.1500000000000341,-0.03616723730530792
2023-05-26,Friday,4,415.33,420.14,420.76,415.28,1585077.0,4.810000000000002,1.1581152336696126
2023-05-30,Tuesday,1,422.03,420.135,422.575,418.76,1161128.0,-1.8949999999999818,-0.4490202118332777
2023-05-31,Wednesday,2,418.26,418.05,419.19,416.23,1571829.0,-0.20999999999997954,-0.050208004590441245
2023-06-01,Thursday,3,418.205,421.73,422.92,416.855,1272075.0,3.525000000000034,0.8428880572924844
2023-06-02,Friday,4,424.58,427.8,428.73,423.98,1471278.0,3.2200000000000273,0.7583965330444268
2023-06-05,Monday,0,428.29,427.1,429.67,426.38,1034295.0,-1.1899999999999977,-0.2778491209227387
2023-06-06,Tuesday,1,426.67,428.03,428.56,426.035,1111615.0,1.3599999999999568,0.31874750978506966
2023-06-07,Wednesday,2,428.46,426.57,429.6,426.13,1505491.0,-1.8899999999999864,-0.4411146898193499
2023-06-08,Thursday,3,426.565,429.17,429.57,425.855,951397.0,2.605000000000018,0.6106923915464274
2023-06-09,Friday,4,430.08,429.99,431.99,428.885,975686.0,-0.08999999999997499,-0.02092633928570847
2023-06-12,Monday,0,430.925,433.49,433.855,430.17,862368.0,2.5649999999999977,0.5952311887219348
2023-06-13,Tuesday,1,435.41,436.53,437.32,434.68,1406891.0,1.1199999999999477,0.2572288188144387
2023-06-14,Wednesday,2,437.1,437.18,439.03,433.655,1148135.0,0.07999999999998408,0.018302447952409994
2023-06-15,Thursday,3,436.38,442.58,443.88,436.28,1758506.0,6.199999999999989,1.4207800540813027
2023-06-16,Friday,4,443.11,439.94,443.11,438.98,1098407.0,-3.170000000000016,-0.7153979824422866
2023-06-20,Tuesday,1,437.43,437.01,438.36,435.03,1181870.0,-0.4200000000000159,-0.09601536245799691
2023-06-21,Wednesday,2,436.2,434.87,436.97,434.37,1173871.0,-1.329999999999984,-0.3049060064190702
2023-06-22,Thursday,3,433.99,436.57,436.62,433.64,866598.0,2.579999999999984,0.5944837438650623
2023-06-23,Friday,4,432.96,433.16,435.05,432.5,1158138.0,0.20000000000004547,0.04619364375462987
2023-06-26,Monday,0,432.64,431.4,434.55,431.205,1009352.0,-1.240000000000009,-0.2866124260355051
2023-06-27,Tuesday,1,432.39,435.93,436.8,431.915,1104156.0,3.5400000000000205,0.818705335461047
2023-06-28,Wednesday,2,435.09,436.6,437.42,434.41,921002.0,1.5100000000000477,0.34705463237492196
2023-06-29,Thursday,3,435.94,438.14,438.265,435.62,744542.0,2.1999999999999886,0.5046566041198304
2023-06-30,Friday,4,441.44,443.27,444.22,441.18,1095332.0,1.829999999999984,0.41455237404856476
2023-07-03,Monday,0,442.94,443.77,444.07,442.65,369876.0,0.8299999999999841,0.18738429584141963
2023-07-05,Wednesday,2,441.93,443.14,443.87,441.91,663482.0,1.2099999999999795,0.2737990179440136
2023-07-06,Thursday,3,439.39,439.72,440.07,437.07,1049954.0,0.3300000000000409,0.0751041216231687
2023-07-07,Friday,4,438.63,438.52,442.64,438.305,1189181.0,-0.11000000000001364,-0.025078084034382886
2023-07-10,Monday,0,438.19,439.57,439.825,437.59,899251.0,1.3799999999999955,0.31493187886533136
2023-07-11,Tuesday,1,440.455,442.5,442.94,439.45,727727.0,2.045000000000016,0.4642926065091816
2023-07-12,Wednesday,2,446.42,446.0,447.465,444.91,1009926.0,-0.4200000000000159,-0.09408180637068587
2023-07-13,Thursday,3,447.895,449.61,450.375,447.485,1105848.0,1.7150000000000318,0.382902242713143
2023-07-14,Friday,4,450.6,449.33,451.35,448.58,823311.0,-1.2700000000000387,-0.2818464269862491
2023-07-17,Monday,0,449.13,450.86,451.92,449.13,752282.0,1.7300000000000182,0.3851891434551284
2023-07-18,Tuesday,1,450.53,454.09,454.845,450.1,1181680.0,3.5600000000000023,0.7901804541318008
2023-07-19,Wednesday,2,455.22,455.11,456.425,454.4,910145.0,-0.11000000000001364,-0.02416414041562621
2023-07-20,Thursday,3,454.16,452.37,455.08,451.46,1074052.0,-1.7900000000000205,-0.3941342258235028
2023-07-21,Friday,4,453.93,452.25,454.14,452.18,891542.0,-1.6800000000000068,-0.37010111691230074
2023-07-24,Monday,0,453.38,454.19,455.01,452.75,732610.0,0.8100000000000023,0.1786580793153651
2023-07-25,Tuesday,1,453.95,455.36,456.71,453.915,788438.0,1.410000000000025,0.31060689503249805
2023-07-26,Wednesday,2,454.5,455.44,456.9,453.41,914723.0,0.9399999999999977,0.2068206820682063
2023-07-27,Thursday,3,459.08,452.5,459.44,451.58,1436241.0,-6.579999999999984,-1.4333013853794512
2023-07-28,Friday,4,455.775,456.91,457.78,455.12,1266287.0,1.1350000000000477,0.24902638363228521
2023-07-31,Monday,0,457.41,457.72,458.11,456.07,796096.0,0.3100000000000023,0.0677728952143596
2023-08-01,Tuesday,1,456.32,456.44,457.19,455.505,1023885.0,0.12000000000000455,0.026297335203367057
2023-08-02,Wednesday,2,453.25,450.16,453.495,449.36,1429148.0,-3.089999999999975,-0.6817429674572477
2023-08-03,Thursday,3,448.115,448.88,450.79,447.395,981535.0,0.7649999999999864,0.1707151066132547
2023-08-04,Friday,4,450.705,446.8,452.885,446.285,1637348.0,-3.9049999999999727,-0.8664203858399558
2023-08-07,Monday,0,448.69,450.67,450.86,448.01,918464.0,1.9800000000000182,0.44128462858544165
2023-08-08,Tuesday,1,448.03,448.74,449.225,445.3,974937.0,0.7100000000000364,0.1584715309242766
2023-08-09,Wednesday,2,449.03,445.74,449.16,444.96,1090299.0,-3.2899999999999636,-0.7326904661158417
2023-08-10,Thursday,3,448.195,445.88,451.67,444.73,1315646.0,-2.3149999999999977,-0.5165162485079035
2023-08-11,Friday,4,443.96,445.67,446.67,443.455,929349.0,1.7100000000000364,0.38516983512028935
2023-08-14,Monday,0,444.8,448.1,448.1,444.385,756786.0,3.3000000000000114,0.7419064748201464
2023-08-15,Tuesday,1,446.29,442.93,446.605,442.32,1081827.0,-3.3600000000000136,-0.752873691993998
2023-08-16,Wednesday,2,442.47,439.62,444.17,439.54,1038173.0,-2.8500000000000227,-0.6441114651840854
2023-08-17,Thursday,3,441.1,436.26,441.375,435.75,1138623.0,-4.840000000000032,-1.0972568578553688
2023-08-18,Friday,4,433.27,436.39,437.55,433.07,1186287.0,3.1200000000000045,0.7201052461513616
2023-08-21,Monday,0,437.51,439.32,440.105,435.33,1178326.0,1.8100000000000023,0.41370482960389526
2023-08-22,Tuesday,1,441.115,438.11,441.12,437.6,699682.0,-3.0049999999999955,-0.6812282511363239
2023-08-23,Wednesday,2,439.25,442.98,443.63,439.11,930229.0,3.730000000000018,0.8491747296528215
2023-08-24,Thursday,3,444.85,436.92,445.2,436.855,1447600.0,-7.930000000000007,-1.7826233561874805
2023-08-25,Friday,4,438.6,439.98,441.26,435.01,1182086.0,1.3799999999999955,0.31463748290013577
2023-08-28,Monday,0,442.32,442.78,443.375,440.875,848573.0,0.45999999999997954,0.10399710616747593
2023-08-29,Tuesday,1,442.705,449.19,449.43,442.485,1487779.0,6.485000000000014,1.4648580883432567
2023-08-30,Wednesday,2,449.51,450.96,451.66,448.81,1126202.0,1.4499999999999886,0.32257346888834254
2023-08-31,Thursday,3,451.65,450.2,452.82,450.18,1221521.0,-1.4499999999999886,-0.32104505701317143
2023-09-01,Friday,4,453.17,451.18,453.66,449.69,784263.0,-1.990000000000009,-0.43912880376018026
2023-09-05,Tuesday,1,450.68,449.27,451.045,449.185,1233706.0,-1.410000000000025,-0.3128605662554418
2023-09-06,Wednesday,2,448.43,446.01,448.49,443.825,1589046.0,-2.420000000000016,-0.5396605936266565
2023-09-07,Thursday,3,443.06,444.88,445.52,442.76,1258760.0,1.8199999999999932,0.41077957838667295
2023-09-08,Friday,4,444.89,445.43,447.1,444.53,1064991.0,0.5400000000000205,0.12137831823597303
2023-09-11,Monday,0,448.29,448.54,448.77,446.5,1045866.0,0.25,0.05576747194896161
2023-09-12,Tuesday,1,446.91,446.01,448.46,445.39,1270363.0,-0.9000000000000341,-0.20138282875747557
2023-09-13,Wednesday,2,446.1,446.46,447.68,445.08,1020881.0,0.3599999999999568,0.08069939475452965
2023-09-14,Thursday,3,449.08,450.42,451.06,447.72,1289965.0,1.3400000000000318,0.29838781508863277
2023-09-15,Friday,4,447.245,443.305,447.42,443.02,2110492.0,-3.9399999999999977,-0.8809489206139807
2023-09-18,Monday,0,443.04,443.63,444.965,442.57,928338.0,0.589999999999975,0.13317081979053244
2023-09-19,Tuesday,1,442.78,442.62,443.22,439.97,1067194.0,-0.15999999999996817,-0.03613532679885455
2023-09-20,Wednesday,2,443.98,438.52,444.435,438.43,1088715.0,-5.460000000000036,-1.2297851254561099
2023-09-21,Thursday,3,435.71,431.3,435.94,431.25,1755895.0,-4.409999999999968,-1.0121411030272356
2023-09-22,Friday,4,432.48,430.28,434.06,430.01,1192055.0,-2.2000000000000455,-0.5086940436552084
2023-09-25,Monday,0,429.13,432.23,432.25,428.745,830152.0,3.1000000000000227,0.7223918159998188
2023-09-26,Tuesday,1,429.1,425.84,429.81,425.035,1530165.0,-3.2600000000000477,-0.7597296667443597
2023-09-27,Wednesday,2,427.08,425.99,427.615,422.31,1627248.0,-1.089999999999975,-0.25522150416783157
2023-09-28,Thursday,3,425.56,428.51,430.24,424.87,1212374.0,2.9499999999999886,0.6932042485195951
2023-09-29,Friday,4,431.69,427.3,431.82,425.94,1852919.0,-4.389999999999986,-1.016933447612867
2023-10-02,Monday,0,426.6,427.36,428.58,424.49,1135780.0,0.7599999999999909,0.17815283638068233
2023-10-03,Tuesday,1,425.2,421.68,426.635,420.2,1419038.0,-3.519999999999982,-0.8278457196613316
2023-10-04,Wednesday,2,422.07,424.5,425.405,420.57,1385404.0,2.430000000000007,0.5757338830051903
2023-10-05,Thursday,3,424.42,424.31,425.37,421.21,1030146.0,-0.11000000000001364,-0.025917723010228936
2023-10-06,Friday,4,422.165,429.44,431.11,420.6,1655119.0,7.274999999999977,1.7232598628498283
2023-10-09,Monday,0,427.49,432.24,432.86,427.04,895337.0,4.75,1.1111371026222834
2023-10-10,Tuesday,1,433.02,434.44,437.205,432.53,1472588.0,1.420000000000016,0.3279294258925721
2023-10-11,Wednesday,2,435.68,436.38,436.57,433.18,869142.0,0.6999999999999886,0.1606683804627223
2023-10-12,Thursday,3,436.86,433.68,437.32,431.24,1365314.0,-3.180000000000007,-0.7279219887378123
2023-10-13,Friday,4,435.26,431.625,436.39,429.9,1604688.0,-3.634999999999991,-0.8351330239397121
2023-10-16,Monday,0,433.81,436.04,437.115,433.57,1324159.0,2.230000000000018,0.5140499296927268
2023-10-17,Tuesday,1,432.77,435.98,438.13,432.48,1196478.0,3.2100000000000364,0.7417334842988277
2023-10-18,Wednesday,2,434.05,430.24,435.115,429.09,1357303.0,-3.8100000000000023,-0.8777790577122456
2023-10-19,Thursday,3,430.89,426.43,432.82,425.74,1558721.0,-4.4599999999999795,-1.0350669544431246
2023-10-20,Friday,4,425.89,421.25,426.48,421.08,1930148.0,-4.639999999999986,-1.0894831998872918
2023-10-23,Monday,0,419.54,420.52,424.45,417.82,1325714.0,0.9799999999999613,0.23358916908994645
2023-10-24,Tuesday,1,422.69,423.56,424.81,420.74,1111311.0,0.8700000000000045,0.20582459958835186
2023-10-25,Wednesday,2,421.91,417.75,421.91,417.03,1306302.0,-4.160000000000025,-0.9859922732336339
2023-10-26,Thursday,3,416.46,412.52,417.29,411.71,2259503.0,-3.9399999999999977,-0.9460692503481721
2023-10-27,Friday,4,414.385,410.76,414.57,409.24,1807180.0,-3.625,-0.8747903519673734
2023-10-30,Monday,0,413.56,415.64,416.67,412.27,1438993.0,2.079999999999984,0.5029499951639385
2023-10-31,Tuesday,1,416.17,418.2,418.5,414.21,1398479.0,2.0299999999999727,0.487781435471075
2023-11-01,Wednesday,2,419.285,422.66,423.485,418.68,1521892.0,3.375,0.8049417460677104
2023-11-02,Thursday,3,426.6,430.7,430.91,426.6,1368059.0,4.099999999999966,0.9610876699484214
2023-11-03,Friday,4,433.135,434.9,436.29,433.11,1441925.0,1.7649999999999864,0.40749419926812347
2023-11-06,Monday,0,435.48,435.55,436.14,433.71,1243844.0,0.06999999999999318,0.016074216956001003
2023-11-07,Tuesday,1,435.66,436.87,437.58,434.51,1130743.0,1.2099999999999795,0.277739521645315
2023-11-08,Wednesday,2,437.5,437.43,438.09,434.895,929946.0,-0.06999999999999318,-0.01599999999999844
2023-11-09,Thursday,3,438.38,433.88,438.47,433.41,1096635.0,-4.5,-1.026506683699074
2023-11-10,Friday,4,435.99,440.72,440.92,434.45,1788086.0,4.730000000000018,1.0848872680566108
2023-11-13,Monday,0,439.21,440.17,441.325,438.445,1107454.0,0.9600000000000364,0.21857425832745983
2023-11-14,Tuesday,1,446.35,448.66,450.05,446.13,2082708.0,2.3100000000000023,0.5175310854710434
2023-11-15,Wednesday,2,450.28,449.69,451.38,448.82,1591020.0,-0.589999999999975,-0.13102958159366948
2023-11-16,Thursday,3,449.225,450.25,450.51,448.18,1346842.0,1.0249999999999773,0.22817073849406805
2023-11-17,Friday,4,450.23,450.7,451.395,449.31,1065049.0,0.46999999999997044,0.10439108899894951
2023-11-20,Monday,0,450.63,454.26,455.1,450.57,1605838.0,3.6299999999999955,0.8055389121896002
2023-11-21,Tuesday,1,453.235,453.28,453.62,451.97,1103948.0,0.04499999999995907,0.009928624223627716
2023-11-22,Wednesday,2,454.995,454.96,456.33,453.93,1144069.0,-0.03500000000002501,-0.007692392224095871
2023-11-24,Friday,4,455.08,455.37,455.42,454.75,424981.0,0.29000000000002046,0.06372505933023216
2023-11-27,Monday,0,454.69,454.515,455.49,454.09,1001554.0,-0.17500000000001137,-0.038487760892038834
2023-11-28,Tuesday,1,454.02,454.87,456.26,453.51,1058622.0,0.8500000000000227,0.18721642218404977
2023-11-29,Wednesday,2,457.13,454.66,458.31,454.21,1583860.0,-2.4699999999999704,-0.5403276967164636
2023-11-30,Thursday,3,455.45,456.43,456.75,453.385,1566972.0,0.9800000000000182,0.21517180810188127
2023-12-01,Friday,4,455.68,458.99,459.63,455.16,1715433.0,3.3100000000000023,0.7263869382022478
2023-12-04,Monday,0,455.54,456.59,456.93,454.395,1607664.0,1.0499999999999545,0.23049567546207894
2023-12-05,Tuesday,1,455.22,456.71,457.57,454.88,1521481.0,1.4899999999999523,0.3273142656297948
2023-12-06,Wednesday,2,458.76,454.8,458.82,454.365,1466608.0,-3.9599999999999795,-0.8631964425843535
2023-12-07,Thursday,3,456.91,458.02,458.88,456.315,1572837.0,1.1099999999999568,0.2429362456501186
2023-12-08,Friday,4,457.47,460.15,460.72,457.23,1623651.0,2.67999999999995,0.5858307648588869
2023-12-11,Monday,0,459.69,461.96,462.16,459.47,1712008.0,2.269999999999982,0.49381104657486175
2023-12-12,Tuesday,1,461.57,464.06,464.2,460.61,1534100.0,2.490000000000009,0.5394631366856617
2023-12-13,Wednesday,2,464.45,470.54,470.72,464.12,2108065.0,6.090000000000032,1.311228334589306
2023-12-14,Thursday,3,472.555,472.03,473.72,469.28,2626896.0,-0.5250000000000341,-0.11109817904794872
2023-12-15,Friday,4,469.41,469.35,470.66,468.44,2667240.0,-0.060000000000002274,-0.012782002939861158
2023-12-18,Monday,0,470.95,472.01,472.94,470.8,1621558.0,1.0600000000000023,0.22507697207771574
2023-12-19,Tuesday,1,472.5,474.89,474.91,472.475,1246652.0,2.3899999999999864,0.505820105820103
2023-12-20,Wednesday,2,473.89,468.06,475.89,467.84,2056689.0,-5.829999999999984,-1.2302433054084247
2023-12-21,Thursday,3,471.32,472.68,472.97,468.86,1751000.0,1.3600000000000136,0.28855130272426666
2023-12-22,Friday,4,473.9,473.67,475.37,471.73,1440476.0,-0.22999999999996135,-0.048533445874648945
2023-12-26,Tuesday,1,474.08,475.63,476.52,474.0,1044570.0,1.5500000000000114,0.3269490381370257
2023-12-27,Wednesday,2,475.49,476.56,476.65,474.95,1038988.0,1.0699999999999932,0.22503102063134725
2023-12-28,Thursday,3,476.885,476.74,477.515,476.26,1101080.0,-0.1449999999999818,-0.030405653354578527
2023-12-29,Friday,4,476.43,474.98,477.01,473.35,4790092.0,-1.4499999999999886,-0.30434691350250587
2024-01-02,Tuesday,1,472.15,472.66,473.64,470.49,1972993.0,0.5100000000000477,0.10801652017368374
2024-01-03,Wednesday,2,470.46,468.76,471.175,468.17,1586529.0,-1.6999999999999886,-0.36134846745737975
2024-01-04,Thursday,3,468.21,467.34,470.95,467.05,1799897.0,-0.8700000000000045,-0.18581405779458032
2024-01-05,Friday,4,467.345,468.04,470.41,466.46,1403947.0,0.6949999999999932,0.1487124073222123
2024-01-08,Monday,0,468.49,474.49,474.74,468.38,1785096.0,6.0,1.2807103673504237
2024-01-09,Tuesday,1,471.94,473.94,474.895,471.38,1021730.0,2.0,0.423782684239522
2024-01-10,Wednesday,2,474.17,476.52,477.44,473.87,1068022.0,2.349999999999966,0.49560284286225736
2024-01-11,Thursday,3,477.55,476.33,478.08,472.27,1203556.0,-1.2200000000000273,-0.2554706313475086
2024-01-12,Friday,4,477.8,476.65,478.58,475.24,1035336.0,-1.150000000000034,-0.2406864796986258
2024-01-16,Tuesday,1,475.28,475.11,476.6,473.075,1865764.0,-0.16999999999995907,-0.03576838916006546
2024-01-17,Wednesday,2,471.81,472.28,472.78,469.875,1223082.0,0.46999999999997044,0.0996163709967933
2024-01-18,Thursday,3,474.11,476.16,477.02,472.43,1249537.0,2.0500000000000114,0.4323891080129108
2024-01-19,Friday,4,477.63,482.48,482.69,476.96,1258622.0,4.850000000000023,1.0154303540397427
2024-01-22,Monday,0,484.005,483.45,485.22,482.825,1002245.0,-0.5550000000000068,-0.11466823689838056
2024-01-23,Tuesday,1,484.02,484.82,485.1,482.905,912548.0,0.8000000000000114,0.1652824263460211
2024-01-24,Wednesday,2,487.81,485.42,488.77,485.02,1098444.0,-2.3899999999999864,-0.48994485557901357
2024-01-25,Thursday,3,487.48,488.02,488.295,485.39,1333800.0,0.5399999999999636,0.11077377533436523
2024-01-26,Friday,4,487.535,487.19,489.11,486.61,963449.0,-0.3450000000000273,-0.07076415026614033
2024-01-29,Monday,0,487.7,491.25,491.41,487.17,932638.0,3.5500000000000114,0.7279064998974804
2024-01-30,Tuesday,1,490.67,490.74,491.59,490.14,855729.0,0.06999999999999318,0.01426620743065465
2024-01-31,Wednesday,2,488.44,482.955,489.08,482.955,1912104.0,-5.485000000000014,-1.1229629023012067
2024-02-01,Thursday,3,484.73,489.22,489.22,483.8,1643334.0,4.490000000000009,0.9262888618406141
2024-02-02,Friday,4,489.66,494.29,496.04,489.34,1266949.0,4.6299999999999955,0.9455540579177378
2024-02-05,Monday,0,493.69,492.555,494.12,490.32,997651.0,-1.134999999999991,-0.22990135510137757
2024-02-06,Tuesday,1,493.52,493.8,494.315,492.08,778367.0,0.28000000000002956,0.05673528934998168
2024-02-07,Wednesday,2,496.275,497.95,498.53,495.38,1227529.0,1.6750000000000114,0.33751448289758934
2024-02-08,Thursday,3,498.16,498.47,498.69,497.31,857306.0,0.3100000000000023,0.06222900273004702
2024-02-09,Friday,4,498.85,501.1,501.65,498.53,1110652.0,2.25,0.4510373859877718
2024-02-12,Monday,0,501.23,500.99,503.49,500.24,965497.0,-0.2400000000000091,-0.04788220976398242
2024-02-13,Tuesday,1,494.335,494.16,495.85,490.715,2310129.0,-0.17499999999995453,-0.03540109439953767
2024-02-14,Wednesday,2,496.78,498.84,499.065,494.425,1543639.0,2.0600000000000023,0.4146704778775318
2024-02-15,Thursday,3,499.3,501.97,502.19,498.8,1003063.0,2.670000000000016,0.5347486481073535
2024-02-16,Friday,4,501.715,499.57,502.85,498.98,1077434.0,-2.144999999999982,-0.42753355988957514
2024-02-20,Tuesday,1,497.735,496.745,498.36,494.5,1354728.0,-0.9900000000000091,-0.19890102162797657
2024-02-21,Wednesday,2,495.355,497.24,497.37,493.57,865979.0,1.884999999999991,0.380535171745514
2024-02-22,Thursday,3,504.02,507.48,508.485,503.02,1701369.0,3.4600000000000364,0.6864806952105148
2024-02-23,Friday,4,509.26,507.82,510.1,507.1,1151564.0,-1.4399999999999977,-0.2827632250716722
2024-02-26,Monday,0,508.29,505.86,508.73,505.86,866411.0,-2.430000000000007,-0.47807354069527375
2024-02-27,Tuesday,1,506.7,506.95,507.15,504.86,658422.0,0.25,0.049338859285573314
2024-02-28,Wednesday,2,505.355,506.13,506.855,504.98,1067294.0,0.7749999999999773,0.15335754073868413
2024-02-29,Thursday,3,508.065,508.15,509.74,505.405,1113192.0,0.08499999999997954,0.016730142796685374
2024-03-01,Friday,4,508.975,512.76,513.27,508.6,1237405.0,3.784999999999968,0.743651456358361
2024-03-04,Monday,0,512.19,512.15,514.17,512.0,1183549.0,-0.04000000000007731,-0.007809601905557958
2024-03-05,Tuesday,1,510.225,507.12,510.7,504.92,1568485.0,-3.105000000000018,-0.6085550492429845
2024-03-06,Wednesday,2,510.64,509.73,512.05,508.47,814040.0,-0.9099999999999682,-0.1782077393075294
2024-03-07,Thursday,3,513.14,515.12,515.86,512.27,757118.0,1.9800000000000182,0.38585960946330794
2024-03-08,Friday,4,515.51,511.72,518.18,511.135,1006258.0,-3.7899999999999636,-0.7351942736319302
2024-03-11,Monday,0,510.395,511.26,511.83,508.53,699433.0,0.8650000000000091,0.16947658186306863
2024-03-12,Tuesday,1,513.43,516.77,517.37,510.865,1090879.0,3.340000000000032,0.6505268488401598
2024-03-13,Wednesday,2,517.04,515.97,517.26,514.52,701775.0,-1.0699999999999363,-0.2069472381246976
2024-03-14,Thursday,3,516.96,514.86,517.12,511.82,1292066.0,-2.1000000000000227,-0.4062209842154175
2024-03-15,Friday,4,510.07,509.88,511.665,508.37,920426.0,-0.18999999999999773,-0.037249789244613044
2024-03-18,Monday,0,513.26,512.9,515.43,512.45,932639.0,-0.36000000000001364,-0.07013989011417482
2024-03-19,Tuesday,1,512.155,515.79,515.98,511.16,692650.0,3.634999999999991,0.7097460729661901
2024-03-20,Wednesday,2,515.765,520.52,520.565,515.13,984554.0,4.7549999999999955,0.9219314998109596
2024-03-21,Thursday,3,523.49,522.08,524.1,521.94,815743.0,-1.4099999999999682,-0.269346119314594
2024-03-22,Friday,4,522.14,521.4,522.59,520.98,735655.0,-0.7400000000000091,-0.14172444172061308
2024-03-25,Monday,0,519.785,520.01,520.93,519.63,709189.0,0.22500000000002274,0.04328712833191084
2024-03-26,Tuesday,1,521.14,518.72,521.56,518.45,854889.0,-2.419999999999959,-0.4643665809571246
2024-03-27,Wednesday,2,521.72,523.31,523.31,519.485,869783.0,1.5899999999999181,0.3047611745763854
2024-03-28,Thursday,3,523.25,522.94,524.6,522.78,1011685.0,-0.30999999999994543,-0.05924510272335316
2024-04-01,Monday,0,523.71,522.21,524.37,521.005,706165.0,-1.5,-0.28641805579423724
2024-04-02,Tuesday,1,518.13,518.87,518.965,516.51,803920.0,0.7400000000000091,0.14282129967382878
2024-04-03,Wednesday,2,517.705,519.54,520.935,517.67,632601.0,1.8349999999999227,0.35444896224682443
2024-04-04,Thursday,3,523.63,513.12,523.85,512.76,1037774.0,-10.509999999999991,-2.0071424479116917
2024-04-05,Friday,4,514.07,518.54,520.41,514.05,854299.0,4.469999999999914,0.8695313867761031
2024-04-08,Monday,0,519.24,518.65,520.14,517.95,466499.0,-0.5900000000000318,-0.11362760958324317
2024-04-09,Tuesday,1,520.555,519.34,520.675,514.355,688992.0,-1.2149999999999181,-0.23340473148849178
2024-04-10,Wednesday,2,513.43,514.195,516.135,512.09,900207.0,0.7650000000001,0.148997915976881
2024-04-11,Thursday,3,515.68,518.05,519.48,512.13,769159.0,2.3700000000000045,0.4595873409866593
2024-04-12,Friday,4,514.38,510.88,515.75,509.16,1051431.0,-3.5,-0.6804308099070726
2024-04-15,Monday,0,515.21,504.4,515.3,503.595,1127031.0,-10.81000000000006,-2.098173560295813
2024-04-16,Tuesday,1,504.81,503.41,506.49,502.26,878810.0,-1.3999999999999773,-0.27733206552960066
2024-04-17,Wednesday,2,506.08,500.52,506.2,499.12,833103.0,-5.560000000000002,-1.0986405311413219
2024-04-18,Thursday,3,501.85,499.42,504.1,498.57,739349.0,-2.430000000000007,-0.48420842881339177
2024-04-19,Friday,4,499.44,495.185,500.45,493.87,1033680.0,-4.2549999999999955,-0.8519541886913334
2024-04-22,Monday,0,497.85,499.54,502.36,495.45,802049.0,1.6899999999999977,0.33945967660942006
2024-04-23,Tuesday,1,501.86,505.5,506.05,501.255,721068.0,3.6399999999999864,0.7253018770174922
2024-04-24,Wednesday,2,506.54,505.66,507.34,503.135,539248.0,-0.8799999999999955,-0.17372764243692412
2024-04-25,Thursday,3,499.1,503.53,504.25,497.54,903109.0,4.42999999999995,0.8875976758164597
2024-04-26,Friday,4,506.42,508.32,509.88,505.75,570456.0,1.8999999999999773,0.37518265471347445
2024-04-29,Monday,0,510.26,510.07,510.735,507.34,444010.0,-0.18999999999999773,-0.037235918943283375
2024-04-30,Tuesday,1,508.33,501.91,509.52,501.91,743518.0,-6.419999999999959,-1.2629591013711485
2024-05-01,Wednesday,2,501.38,500.11,508.17,499.89,951991.0,-1.2699999999999818,-0.2533008895448526
2024-05-02,Thursday,3,504.155,504.99,505.86,499.6,520963.0,0.8350000000000364,0.16562366732454037
2024-05-03,Friday,4,511.16,511.25,512.54,508.595,752042.0,0.08999999999997499,0.017607011503242623
2024-05-06,Monday,0,513.775,516.51,516.59,513.3,816034.0,2.7350000000000136,0.5323341929833125
2024-05-07,Tuesday,1,517.55,517.255,518.56,516.47,858476.0,-0.2949999999999591,-0.05699932373682912
2024-05-08,Wednesday,2,515.625,517.2,517.69,515.33,441682.0,1.5750000000000455,0.3054545454545543
2024-05-09,Thursday,3,517.435,520.06,520.195,516.715,789414.0,2.625,0.5073100969203862
2024-05-10,Friday,4,521.8,520.81,522.62,519.67,685404.0,-0.9900000000000091,-0.1897278650824088
2024-05-13,Monday,0,522.615,521.04,522.615,519.77,556721.0,-1.5750000000000455,-0.30136907666256146
2024-05-14,Tuesday,1,521.185,523.275,523.83,520.615,708619.0,2.090000000000032,0.401009238562129
2024-05-15,Wednesday,2,525.77,529.8,530.07,525.22,863170.0,4.029999999999973,0.7664948551648008
2024-05-16,Thursday,3,529.88,528.83,531.445,528.55,669663.0,-1.0499999999999545,-0.1981580735260728
2024-05-17,Friday,4,528.93,529.18,529.51,527.395,660269.0,0.25,0.04726523358478438
2024-05-20,Monday,0,529.56,530.05,531.56,529.17,675394.0,0.4900000000000091,0.09252964725432608
2024-05-21,Tuesday,1,529.31,531.08,531.5,529.15,627078.0,1.7700000000000955,0.33439761198543305
2024-05-22,Wednesday,2,530.71,529.8,531.34,527.6,535650.0,-0.9100000000000819,-0.17146841024289758
2024-05-23,Thursday,3,532.96,525.96,533.04,524.78,835461.0,-7.0,-1.3134193935755027
2024-05-24,Friday,4,527.87,529.51,530.24,526.89,632350.0,1.6399999999999864,0.3106825544168046
2024-05-28,Tuesday,1,530.32,529.88,530.51,527.11,735315.0,-0.44000000000005457,-0.08296877357068459
2024-05-29,Wednesday,2,525.63,526.12,527.3,525.435,744286.0,0.4900000000000091,0.09322146757224838
2024-05-30,Thursday,3,524.31,522.42,525.2,521.345,823118.0,-1.8899999999999864,-0.3604737655203957
2024-05-31,Friday,4,523.63,527.335,527.45,518.44,1408439.0,3.705000000000041,0.7075606821610758
2024-06-03,Monday,0,529.05,527.77,529.15,522.695,559616.0,-1.2799999999999727,-0.24194310556657647
2024-06-04,Tuesday,1,526.545,528.35,529.125,524.97,565962.0,1.8050000000000637,0.34280071029068054
2024-06-05,Wednesday,2,530.79,534.65,534.665,528.84,831537.0,3.8600000000000136,0.7272179204581876
2024-06-06,Thursday,3,534.9,534.63,535.405,532.7,657315.0,-0.2699999999999818,-0.05047672462142117
2024-06-07,Friday,4,533.3,534.01,536.86,532.56,624662.0,0.7100000000000364,0.13313332083255885
2024-06-10,Monday,0,533.25,535.705,535.94,532.615,835678.0,2.455000000000041,0.4603844350679871
2024-06-11,Tuesday,1,534.08,537.01,537.01,532.125,487470.0,2.92999999999995,0.5486069502696131
2024-06-12,Wednesday,2,541.625,541.28,544.03,540.36,845037.0,-0.3450000000000273,-0.0636972074775033
2024-06-13,Thursday,3,543.12,542.52,543.3,539.71,608032.0,-0.6000000000000227,-0.11047282368537759
2024-06-14,Friday,4,540.89,542.79,542.79,539.87,607444.0,1.8999999999999773,0.35127290206880835
2024-06-17,Monday,0,542.075,547.05,548.41,541.61,710317.0,4.974999999999909,0.9177696813171441
2024-06-18,Tuesday,1,547.14,548.48,548.54,546.755,556976.0,1.3400000000000318,0.24490989509084182
2024-06-20,Thursday,3,549.425,546.68,550.11,545.23,916983.0,-2.7450000000000045,-0.49961323201528957
2024-06-21,Friday,4,544.36,544.09,545.63,543.05,1054660.0,-0.2699999999999818,-0.0495995297229741
2024-06-24,Monday,0,544.37,542.71,546.94,542.65,785040.0,-1.6599999999999682,-0.3049396550140471
2024-06-25,Tuesday,1,543.77,544.775,545.2,542.505,412611.0,1.0049999999999955,0.18482078820089293
2024-06-26,Wednesday,2,543.635,545.585,546.22,543.21,337123.0,1.9500000000000455,0.3586965519144363
2024-06-27,Thursday,3,545.55,546.37,546.805,544.635,372074.0,0.82000000000005,0.15030702960316195
2024-06-28,Friday,4,547.105,544.11,550.26,543.015,1009117.0,-2.9950000000000045,-0.5474269107392556
2024-07-01,Monday,0,545.54,545.2,545.87,542.53,702848.0,-0.33999999999991815,-0.06232356930746016
2024-07-02,Tuesday,1,543.74,548.97,548.97,543.685,360206.0,5.230000000000018,0.9618567697796775
2024-07-03,Wednesday,2,548.84,551.46,551.825,548.83,557021.0,2.6200000000000045,0.4773704540485395
2024-07-05,Friday,4,551.77,554.725,555.045,551.28,435333.0,2.955000000000041,0.5355492324700584
2024-07-08,Monday,0,555.35,555.245,556.23,554.25,503640.0,-0.10500000000001819,-0.018906995588370973
2024-07-09,Tuesday,1,556.355,555.87,557.125,555.54,395990.0,-0.48500000000001364,-0.08717455581418584
2024-07-10,Wednesday,2,557.13,561.24,561.665,556.795,547194.0,4.110000000000014,0.7377093317538121
2024-07-11,Thursday,3,561.43,556.42,562.3,555.85,901296.0,-5.009999999999991,-0.8923641415670683
2024-07-12,Friday,4,557.61,559.91,563.64,557.17,671282.0,2.2999999999999545,0.4124746686752308
2024-07-15,Monday,0,562.18,561.52,564.755,559.64,554038.0,-0.6599999999999682,-0.11740012095769473
2024-07-16,Tuesday,1,562.96,564.83,565.145,562.12,502456.0,1.8700000000000045,0.33217280090947926
2024-07-17,Wednesday,2,559.01,557.065,560.48,556.62,981717.0,-1.9449999999999363,-0.347936530652392
2024-07-18,Thursday,3,558.61,552.8,559.5,550.555,912058.0,-5.810000000000059,-1.0400816311917185
2024-07-19,Friday,4,552.375,548.94,553.99,547.955,974292.0,-3.4349999999999454,-0.6218601493550479
2024-07-22,Monday,0,552.97,554.65,555.26,551.17,570916.0,1.67999999999995,0.30381395012386747
2024-07-23,Tuesday,1,554.685,553.69,556.605,553.295,369852.0,-0.9949999999998909,-0.17938109016827405
2024-07-24,Wednesday,2,548.8,541.21,549.17,540.445,1106109.0,-7.589999999999918,-1.3830174927113554
2024-07-25,Thursday,3,541.32,538.39,547.445,537.455,1002976.0,-2.9300000000000637,-0.5412694893963023
2024-07-26,Friday,4,542.37,544.345,547.18,541.49,675021.0,1.9750000000000227,0.3641425595073516
2024-07-29,Monday,0,546.17,544.91,547.05,542.96,548999.0,-1.259999999999991,-0.23069740190782925
2024-07-30,Tuesday,1,546.25,541.97,547.33,538.54,742444.0,-4.279999999999973,-0.7835240274599493
2024-07-31,Wednesday,2,549.16,550.37,553.43,547.635,990580.0,1.2100000000000364,0.22033651394858267
2024-08-01,Thursday,3,552.59,543.18,554.8,539.46,1145184.0,-9.410000000000082,-1.702890026963948
2024-08-02,Friday,4,535.75,532.92,536.92,528.6,1236900.0,-2.830000000000041,-0.5282314512365919
2024-08-05,Monday,0,511.49,517.62,523.47,510.305,1466464.0,6.1299999999999955,1.1984594029208773
2024-08-06,Tuesday,1,519.56,522.55,529.665,517.99,773442.0,2.990000000000009,0.5754869504965758
2024-08-07,Wednesday,2,528.54,518.635,531.565,518.06,768176.0,-9.904999999999973,-1.874030347750402
2024-08-08,Thursday,3,523.98,530.83,531.29,521.895,868428.0,6.850000000000023,1.3073018054124246
2024-08-09,Friday,4,529.815,532.92,534.45,528.565,461358.0,3.1049999999999045,0.5860536224908514
2024-08-12,Monday,0,534.32,533.29,535.68,531.04,509517.0,-1.0300000000000864,-0.1927683784997916
2024-08-13,Tuesday,1,536.585,541.86,542.28,536.28,821562.0,5.274999999999977,0.9830688520923949
2024-08-14,Wednesday,2,542.95,543.78,544.94,540.19,626031.0,0.8299999999999272,0.1528685882677829
2024-08-15,Thursday,3,549.76,552.97,553.34,548.915,1054123.0,3.2100000000000364,0.583891152502917
2024-08-16,Friday,4,551.36,554.22,555.02,551.36,494852.0,2.8600000000000136,0.5187173534532816
2024-08-19,Monday,0,554.75,559.49,559.55,553.92,628148.0,4.740000000000009,0.8544389364578655
2024-08-20,Tuesday,1,559.16,558.65,560.815,557.325,561795.0,-0.5099999999999909,-0.09120824093282619
2024-08-21,Wednesday,2,559.765,560.71,562.105,558.04,636560.0,0.94500000000005,0.16882084446152404
2024-08-22,Thursday,3,562.56,556.26,563.14,555.0,846580.0,-6.2999999999999545,-1.1198805460750774
2024-08-23,Friday,4,559.59,562.09,563.09,557.36,697001.0,2.5,0.44675566039421716
2024-08-26,Monday,0,563.43,560.78,563.9,559.06,710991.0,-2.6499999999999773,-0.4703334930692326
2024-08-27,Tuesday,1,559.46,561.565,562.04,558.33,469287.0,2.105000000000018,0.37625567511529295
2024-08-28,Wednesday,2,561.195,558.35,561.62,555.09,622372.0,-2.8450000000000273,-0.5069539108509569
2024-08-29,Thursday,3,560.27,558.6,563.65,557.21,651668.0,-1.669999999999959,-0.2980705731165258
2024-08-30,Friday,4,560.64,563.56,564.19,557.185,942470.0,2.919999999999959,0.520833333333326
2024-09-03,Tuesday,1,560.475,552.16,560.75,549.54,811478.0,-8.315000000000055,-1.4835630491993494
2024-09-04,Wednesday,2,550.06,550.83,554.43,549.47,854179.0,0.7700000000000955,0.1399847289386786
2024-09-05,Thursday,3,551.0,549.44,553.75,547.13,679855.0,-1.5599999999999454,-0.28312159709617885
2024-09-06,Friday,4,550.005,540.46,551.57,539.465,1096246.0,-9.544999999999959,-1.7354387687384585
2024-09-09,Monday,0,544.68,546.44,547.71,542.71,662874.0,1.7600000000001046,0.32312550488362063
2024-09-10,Tuesday,1,548.365,548.63,549.15,543.47,743666.0,0.26499999999998636,0.04832547664420347
2024-09-11,Wednesday,2,548.69,554.23,555.36,539.99,1230339.0,5.539999999999964,1.009677595728
2024-09-12,Thursday,3,555.085,559.06,559.36,552.81,940190.0,3.974999999999909,0.7161065422412619
2024-09-13,Friday,4,559.71,561.89,563.01,559.46,748959.0,2.17999999999995,0.38948741312464485
2024-09-16,Monday,0,561.79,562.87,563.09,559.94,481680.0,1.080000000000041,0.19224265294861798
2024-09-17,Tuesday,1,565.11,563.15,566.5,560.795,755402.0,-1.9600000000000364,-0.34683512944383155
2024-09-18,Wednesday,2,563.71,561.39,568.63,560.88,650947.0,-2.32000000000005,-0.4115591350162406
2024-09-19,Thursday,3,571.04,570.99,572.835,568.125,1028307.0,-0.049999999999954525,-0.00875595404874519
2024-09-20,Friday,4,567.86,568.03,569.29,565.23,1129338.0,0.16999999999995907,0.029936956292036604
2024-09-23,Monday,0,569.27,569.64,570.29,568.1,499985.0,0.37000000000000455,0.06499552057898793
2024-09-24,Tuesday,1,570.48,571.21,571.34,567.64,686087.0,0.7300000000000182,0.12796241761324118
2024-09-25,Wednesday,2,571.145,569.985,571.89,568.99,533625.0,-1.1599999999999682,-0.2031007887664198
2024-09-26,Thursday,3,574.58,572.17,574.69,569.935,638877.0,-2.410000000000082,-0.4194368060148424
2024-09-27,Friday,4,573.5,571.4,574.2,570.59,620460.0,-2.1000000000000227,-0.36617262423714436
2024-09-30,Monday,0,570.505,574.045,574.38,568.23,799546.0,3.5399999999999636,0.620502887792388
2024-10-01,Tuesday,1,573.435,568.61,573.435,566.03,1048796.0,-4.824999999999932,-0.8414205620514849
2024-10-02,Wednesday,2,567.71,568.83,569.88,565.27,393460.0,1.1200000000000045,0.1972838244878555
2024-10-03,Thursday,3,567.38,567.76,569.78,565.49,744495.0,0.37999999999999545,0.06697451443476955
2024-10-04,Friday,4,572.35,572.935,573.36,568.2,675952.0,0.5849999999999227,0.10221018607494063
2024-10-07,Monday,0,571.26,567.8,571.91,566.69,619995.0,-3.4600000000000364,-0.605678675209193
2024-10-08,Tuesday,1,570.41,573.19,573.78,569.55,652878.0,2.7800000000000864,0.4873687347697422
2024-10-09,Wednesday,2,573.16,577.07,577.69,572.6,562922.0,3.910000000000082,0.6821829855537864
2024-10-10,Thursday,3,575.72,576.2,577.54,574.51,614419.0,0.4800000000000182,0.08337386229417393
2024-10-11,Friday,4,575.955,579.6,580.3,575.955,514830.0,3.644999999999982,0.6328619423392421
2024-10-14,Monday,0,581.215,584.31,585.27,580.73,584263.0,3.0949999999999136,0.5325051831077852
2024-10-15,Tuesday,1,584.64,579.79,584.83,578.55,818898.0,-4.850000000000023,-0.8295703338806826
2024-10-16,Wednesday,2,579.785,582.29,582.79,579.01,416744.0,2.5049999999999955,0.43205671067723306
2024-10-17,Thursday,3,585.93,582.32,586.09,582.16,562577.0,-3.6099999999999,-0.6161145529329272
2024-10-18,Friday,4,584.09,584.53,585.36,582.64,518845.0,0.4399999999999409,0.0753308565460701
2024-10-21,Monday,0,583.91,583.72,584.79,580.68,546990.0,-0.18999999999994088,-0.03253926118750165
2024-10-22,Tuesday,1,581.05,583.33,584.49,580.44,351628.0,2.2800000000000864,0.39239308149042024
2024-10-23,Wednesday,2,581.32,578.04,581.665,574.48,750890.0,-3.2800000000000864,-0.5642331246129647
2024-10-24,Thursday,3,580.02,579.23,580.05,576.62,660226.0,-0.7899999999999636,-0.1362021999241343
2024-10-25,Friday,4,581.595,579.01,584.44,578.14,772091.0,-2.5850000000000364,-0.4444673699051808
2024-10-28,Monday,0,582.62,580.81,582.62,580.54,630221.0,-1.8100000000000591,-0.31066561395078424
2024-10-29,Tuesday,1,579.865,581.7,582.905,578.435,797879.0,1.8350000000000364,0.31645296750106255
2024-10-30,Wednesday,2,581.295,579.13,583.31,579.13,841125.0,-2.1649999999999636,-0.372444283883392
2024-10-31,Thursday,3,575.5,568.46,575.53,568.46,1251527.0,-7.039999999999964,-1.2232841007819224
2024-11-01,Friday,4,571.26,571.03,575.5,570.635,823834.0,-0.2300000000000182,-0.04026187725379305
2024-11-04,Monday,0,571.17,569.78,572.49,567.91,684254.0,-1.3899999999999864,-0.24336012045450328
2024-11-05,Tuesday,1,570.68,576.69,576.7,570.53,762724.0,6.010000000000105,1.0531295997757246
2024-11-06,Wednesday,2,589.22,591.04,591.93,585.46,1344809.0,1.8199999999999363,0.30888292997521066
2024-11-07,Thursday,3,593.21,595.59,596.65,593.02,930030.0,2.3799999999999955,0.401206992464725
2024-11-08,Friday,4,596.26,598.25,599.595,596.26,749273.0,1.990000000000009,0.33374702311072507
2024-11-11,Monday,0,599.91,598.44,600.14,597.02,869467.0,-1.4699999999999136,-0.24503675551331264
2024-11-12,Tuesday,1,598.65,596.915,599.285,594.42,749515.0,-1.7350000000000136,-0.2898187588741358
2024-11-13,Wednesday,2,597.41,597.22,599.17,595.01,930391.0,-0.18999999999994088,-0.031803953733606886
2024-11-14,Thursday,3,597.38,593.42,597.81,592.71,607237.0,-3.9600000000000364,-0.6628946399276904
2024-11-15,Friday,4,589.72,585.74,590.17,583.88,953693.0,-3.980000000000018,-0.6748965610798375
2024-11-18,Monday,0,585.95,588.21,589.465,585.37,633869.0,2.259999999999991,0.3856984384333118
2024-11-19,Tuesday,1,584.74,590.19,591.01,584.06,590089.0,5.4500000000000455,0.9320381708109665
2024-11-20,Wednesday,2,590.44,590.49,590.76,584.705,747237.0,0.049999999999954525,0.008468260957921976
2024-11-21,Thursday,3,593.4,593.665,595.1,587.52,734263.0,0.26499999999998636,0.04465790360633407
2024-11-22,Friday,4,593.69,595.5,596.09,593.185,672021.0,1.8099999999999454,0.3048729134733523
2024-11-25,Monday,0,599.49,597.49,600.76,595.25,733970.0,-2.0,-0.33361690770488245
2024-11-26,Tuesday,1,598.815,600.725,601.29,598.08,699653.0,1.9099999999999682,0.31896328582282807
2024-11-27,Wednesday,2,600.5,598.68,600.815,597.32,524512.0,-1.82000000000005,-0.30308076602831807
2024-11-29,Friday,4,599.64,602.24,603.34,599.47,481803.0,2.6000000000000227,0.4335934894269933
2024-12-02,Monday,0,602.995,603.67,604.3,602.48,496685.0,0.6749999999999545,0.11194122670999834
2024-12-03,Tuesday,1,603.45,603.8,604.15,602.38,584874.0,0.34999999999990905,0.05799983428617268
2024-12-04,Wednesday,2,605.74,607.45,607.84,604.98,666014.0,1.7100000000000364,0.2822993363489346
2024-12-05,Thursday,3,607.655,606.5,608.45,606.305,834982.0,-1.1549999999999727,-0.19007496029819104
2024-12-06,Friday,4,607.47,607.95,609.05,607.02,723760.0,0.4800000000000182,0.07901624771593958
2024-12-09,Monday,0,607.59,604.58,607.84,604.09,1033005.0,-3.009999999999991,-0.49539985845718176
2024-12-10,Tuesday,1,605.36,602.92,605.68,602.16,817463.0,-2.4400000000000546,-0.40306594423154063
2024-12-11,Wednesday,2,605.77,607.25,608.395,605.58,708166.0,1.4800000000000182,0.24431715007346322
2024-12-12,Thursday,3,606.59,604.31,607.15,604.31,739435.0,-2.2800000000000864,-0.3758716760909488
2024-12-13,Friday,4,606.35,604.12,607.085,602.83,683518.0,-2.230000000000018,-0.367774387729862
2024-12-16,Monday,0,606.0,606.83,607.775,605.255,834969.0,0.8300000000000409,0.1369636963696437
2024-12-17,Tuesday,1,604.18,603.8,605.16,602.89,1114456.0,-0.37999999999999545,-0.06289516369293845
2024-12-18,Wednesday,2,603.975,586.52,606.39,585.9,1512854.0,-17.45500000000004,-2.8900202822964594
2024-12-19,Thursday,3,591.355,586.12,593.0,585.965,1309888.0,-5.235000000000014,-0.8852550498431592
2024-12-20,Friday,4,581.77,590.93,595.72,580.94,1740670.0,9.159999999999968,1.5745053887274985
2024-12-23,Monday,0,590.935,589.06,591.77,587.76,93369.0,-1.875,-0.31729378019579146
2024-12-24,Tuesday,1,596.11,601.26,601.32,595.51,347687.0,5.149999999999977,0.863934508731606
2024-12-26,Thursday,3,599.465,601.34,602.46,598.13,476195.0,1.875,0.3127788945142752
2024-12-27,Friday,4,597.47,594.99,597.705,590.83,1147627.0,-2.480000000000018,-0.4150836025239791
2024-12-30,Monday,0,587.97,588.25,591.71,584.45,668474.0,0.2799999999999727,0.047621477286251455
2024-12-31,Tuesday,1,589.99,586.07,590.62,584.45,1215731.0,-3.919999999999959,-0.6644180409837386
2025-01-02,Thursday,3,589.39,584.62,591.09,580.51,739672.0,-4.769999999999982,-0.809311321875156
2025-01-03,Friday,4,587.54,591.94,592.58,586.54,594081.0,4.400000000000091,0.748885182285477
2025-01-06,Monday,0,595.955,595.42,599.69,593.72,785600.0,-0.5350000000000819,-0.08977187874924815
2025-01-07,Tuesday,1,597.435,588.75,597.72,586.79,910818.0,-8.684999999999945,-1.4537146300434267
2025-01-08,Wednesday,2,588.68,589.34,590.54,585.195,734199.0,0.6600000000000819,0.11211524087791022
2025-01-10,Friday,4,585.87,580.49,585.87,578.57,1013258.0,-5.3799999999999955,-0.9182924539573617
2025-01-13,Monday,0,575.76,581.41,581.72,575.48,714996.0,5.649999999999977,0.9813116576351218
2025-01-14,Tuesday,1,584.34,582.2,584.99,578.4,910473.0,-2.1399999999999864,-0.3662251428962567
2025-01-15,Wednesday,2,590.57,592.75,593.94,589.25,1057462.0,2.17999999999995,0.36913490356773115
2025-01-16,Thursday,3,594.06,591.7,594.34,590.93,723437.0,-2.3599999999999,-0.3972662694003805
2025-01-17,Friday,4,596.95,597.42,599.345,595.725,821384.0,0.4699999999999136,0.07873356227488292
2025-01-21,Tuesday,1,600.79,602.92,602.97,598.72,645634.0,2.1299999999999955,0.35453319795602384
2025-01-22,Wednesday,2,605.93,606.4,607.82,605.37,797943.0,0.4700000000000273,0.07756671562722219
2025-01-23,Thursday,3,605.79,609.63,609.63,605.555,648592.0,3.840000000000032,0.6338830287723521
2025-01-24,Friday,4,609.795,607.81,610.77,606.82,731086.0,-1.9850000000000136,-0.32551923187300874
2025-01-27,Monday,0,594.82,599.49,599.64,594.68,1200753.0,4.669999999999959,0.7851114622911064
2025-01-28,Tuesday,1,600.71,604.5,605.37,597.36,834562.0,3.7899999999999636,0.6309200779078029
2025-01-29,Wednesday,2,603.715,601.82,604.1,599.27,643473.0,-1.8949999999999818,-0.3138898321227701
2025-01-30,Thursday,3,604.035,604.78,606.59,600.81,870958.0,0.7450000000000045,0.12333722383636786
2025-01-31,Friday,4,607.5,601.785,609.945,601.075,1085749.0,-5.715000000000032,-0.940740740740746
2025-02-03,Monday,0,592.51,597.7,600.28,590.49,1452423.0,5.190000000000055,0.8759345833825682
2025-02-04,Tuesday,1,597.635,601.74,602.26,597.31,758210.0,4.105000000000018,0.6868740953926759
2025-02-05,Wednesday,2,600.625,604.14,604.36,598.635,732801.0,3.5149999999999864,0.585223725286158
2025-02-06,Thursday,3,605.99,605.99,606.42,602.63,678305.0,0.0,0.0
2025-02-07,Friday,4,606.84,600.825,608.095,600.095,681440.0,-6.014999999999986,-0.9912003163931161
2025-02-10,Monday,0,604.02,604.84,605.49,602.74,537387.0,0.82000000000005,0.13575709413596404
2025-02-11,Tuesday,1,602.56,605.23,605.85,602.47,630971.0,2.6700000000000728,0.44310939989379866
2025-02-12,Wednesday,2,599.215,603.43,604.53,598.53,834181.0,4.214999999999918,0.7034203082365958
2025-02-13,Thursday,3,604.49,609.61,609.93,603.24,785369.0,5.1200000000000045,0.8469949875101332
2025-02-14,Friday,4,609.94,609.73,610.98,609.08,667009.0,-0.21000000000003638,-0.03442961602781197
2025-02-18,Tuesday,1,610.885,611.36,611.36,608.415,553117.0,0.47500000000002274,0.07775604246298776
2025-02-19,Wednesday,2,610.055,612.94,613.22,609.59,669904.0,2.8850000000001046,0.47290818040998017
2025-02-20,Thursday,3,611.54,610.18,611.64,607.07,728093.0,-1.3600000000000136,-0.22238937763678807
2025-02-21,Friday,4,610.21,600.02,610.21,599.49,1223154.0,-10.190000000000055,-1.6699169138493393
2025-02-24,Monday,0,602.015,597.22,603.0,596.5,1178105.0,-4.794999999999959,-0.7964917817662284
2025-02-25,Tuesday,1,597.13,594.31,597.86,589.6,1353359.0,-2.82000000000005,-0.4722589720831394
2025-02-26,Wednesday,2,596.02,594.49,599.53,591.9,1044895.0,-1.5299999999999727,-0.25670279520820993
2025-02-27,Thursday,3,596.88,585.03,597.99,584.655,1325067.0,-11.850000000000023,-1.9853236831523964
2025-02-28,Friday,4,585.36,593.895,594.71,582.46,1490079.0,8.534999999999968,1.4580770807708021
2025-03-03,Monday,0,596.18,583.94,597.325,579.92,2024606.0,-12.239999999999895,-2.053071220101294
2025-03-04,Tuesday,1,579.71,576.88,585.36,572.25,2329707.0,-2.830000000000041,-0.48817512204378755
2025-03-05,Wednesday,2,576.65,583.02,584.85,573.13,1210445.0,6.3700000000000045,1.1046562039365306
2025-03-06,Thursday,3,575.485,572.59,580.105,570.13,1476679.0,-2.894999999999982,-0.5030539458022333
2025-03-07,Friday,4,570.905,575.76,577.36,565.665,1348635.0,4.855000000000018,0.8504041828325235
2025-03-11,Tuesday,1,559.27,556.07,562.84,552.1,1585927.0,-3.199999999999932,-0.5721744416828959
2025-03-12,Wednesday,2,562.19,558.92,563.065,553.74,1128854.0,-3.2700000000000955,-0.5816538892545394
2025-03-13,Thursday,3,558.395,551.6,559.025,549.76,1018423.0,-6.794999999999959,-1.21688052364365
2025-03-14,Friday,4,556.13,562.78,563.815,555.62,1296597.0,6.649999999999977,1.1957635804578026
2025-03-17,Monday,0,562.815,567.02,569.695,562.43,1137218.0,4.204999999999927,0.7471371587466444
2025-03-18,Tuesday,1,564.79,560.92,564.79,559.1,972088.0,-3.8700000000000045,-0.6852104321960383
2025-03-19,Wednesday,2,562.83,567.0,570.88,561.64,1006514.0,4.169999999999959,0.7408986727786292
2025-03-20,Thursday,3,563.135,565.69,570.55,562.69,771733.0,2.5550000000000637,0.4537100340060667
2025-03-21,Friday,4,559.21,564.17,564.855,558.08,923542.0,4.959999999999923,0.8869655406734362
2025-03-24,Monday,0,570.76,574.02,575.125,570.29,1025022.0,3.259999999999991,0.5711682668722389
2025-03-25,Tuesday,1,575.4,575.405,576.35,573.73,671940.0,0.0049999999999954525,0.0008689607229745312
2025-03-26,Wednesday,2,575.205,568.75,576.21,567.205,816902.0,-6.455000000000041,-1.1222086038890553
2025-03-27,Thursday,3,567.185,567.03,570.89,565.01,1031409.0,-0.15499999999997272,-0.027327944145203543
2025-03-28,Friday,4,565.375,555.7,566.26,555.09,1259604.0,-9.674999999999955,-1.711253592748168
2025-03-31,Monday,0,549.83,559.26,560.69,546.95,1462753.0,9.42999999999995,1.7150755688121693
2025-04-01,Tuesday,1,557.45,561.1,562.88,553.69,1076699.0,3.6499999999999773,0.6547672436989823
2025-04-02,Wednesday,2,555.08,564.63,567.37,554.845,1040295.0,9.549999999999955,1.720472724652294
2025-04-03,Thursday,3,545.13,537.8,547.95,536.75,2349443.0,-7.330000000000041,-1.3446333902005103
2025-04-04,Friday,4,523.64,505.56,525.86,505.08,3087568.0,-18.079999999999984,-3.4527538003208282
2025-04-07,Monday,0,489.14,504.45,523.04,481.83,3569018.0,15.310000000000002,3.1299832358833877
2025-04-08,Tuesday,1,521.95,496.6,524.98,489.28,3101882.0,-25.350000000000023,-4.856787048567875
2025-04-09,Wednesday,2,494.72,544.57,546.28,493.08,3624785.0,49.85000000000002,10.076406856403626
2025-04-10,Thursday,3,532.18,524.07,533.26,509.77,2641900.0,-8.1099999999999,-1.5239204780337294
2025-04-11,Friday,4,522.99,534.0,536.42,520.07,1422986.0,11.009999999999991,2.105202776343714
2025-04-14,Monday,0,544.055,538.98,544.055,533.95,1108912.0,-5.074999999999932,-0.9328101019198303
2025-04-15,Tuesday,1,539.67,537.64,543.19,536.89,900756.0,-2.0299999999999727,-0.37615579891414624
2025-04-16,Wednesday,2,531.645,525.73,535.07,520.32,1545357.0,-5.914999999999964,-1.1125845253881752
2025-04-17,Thursday,3,527.53,526.37,531.15,523.93,999675.0,-1.1599999999999682,-0.21989270752373669
2025-04-21,Monday,0,521.19,513.96,521.64,508.46,1147487.0,-7.230000000000018,-1.3872100385655937
2025-04-22,Tuesday,1,520.18,526.95,529.305,519.2,1401120.0,6.7700000000000955,1.3014725671882994
2025-04-23,Wednesday,2,540.45,535.29,545.29,533.9,1387009.0,-5.160000000000082,-0.9547599222869981
2025-04-24,Thursday,3,536.69,546.44,547.2,535.6,1148684.0,9.75,1.816691199761501
2025-04-25,Friday,4,547.32,550.55,550.98,543.78,1158610.0,3.2299999999999045,0.5901483592779186
2025-04-28,Monday,0,551.26,551.07,553.535,545.09,773339.0,-0.18999999999994088,-0.0344664949388566
2025-04-29,Tuesday,1,548.89,554.25,555.405,548.89,807509.0,5.360000000000014,0.9765162418699582
2025-04-30,Wednesday,2,547.53,554.02,556.42,541.53,1211801.0,6.490000000000009,1.1853231786386151
2025-05-01,Thursday,3,560.41,558.4,563.995,557.88,941859.0,-2.009999999999991,-0.35866597669563194
2025-05-02,Friday,4,564.74,566.58,568.35,562.4,1216823.0,1.8400000000000318,0.3258136487587264
2025-05-05,Monday,0,562.6,563.57,566.65,561.74,810818.0,0.9700000000000273,0.17241379310345312
2025-05-06,Tuesday,1,557.935,558.73,563.32,556.98,910993.0,0.7950000000000728,0.14248971654405493
2025-05-07,Wednesday,2,560.2,561.19,563.77,556.05,1039665.0,0.9900000000000091,0.1767225990717617
2025-05-08,Thursday,3,565.28,564.97,570.29,561.72,1326538.0,-0.30999999999994543,-0.05484007925275004
2025-05-09,Friday,4,566.49,564.14,567.455,562.87,579788.0,-2.3500000000000227,-0.41483521333121903
2025-05-12,Monday,0,581.475,582.93,583.0,577.12,1348652.0,1.4549999999999272,0.250225719076474
2025-05-13,Tuesday,1,583.46,586.76,589.04,582.905,882047.0,3.2999999999999545,0.5655914715661663
2025-05-14,Wednesday,2,587.83,587.45,588.965,585.545,971504.0,-0.37999999999999545,-0.06464454008811994
2025-05-15,Thursday,3,585.58,590.41,590.94,585.1,1134028.0,4.829999999999927,0.8248232521602389
2025-05-16,Friday,4,591.27,594.02,594.45,589.31,785521.0,2.75,0.4651005462817326
2025-05-19,Monday,0,588.15,594.88,595.53,588.15,781938.0,6.730000000000018,1.144265918558194
2025-05-20,Tuesday,1,593.105,592.88,594.005,589.62,787940.0,-0.22500000000002274,-0.03793594726060693
2025-05-21,Wednesday,2,588.58,582.96,592.55,581.865,1969550.0,-5.6200000000000045,-0.9548404634883965
2025-05-22,Thursday,3,582.655,583.25,586.61,581.49,1503791.0,0.5950000000000273,0.10211874951730053
2025-05-23,Friday,4,575.87,579.2,581.77,575.65,1588082.0,3.330000000000041,0.5782555090558704
2025-05-27,Tuesday,1,586.09,590.97,591.29,584.47,1411338.0,4.8799999999999955,0.8326366257741977
2025-05-28,Wednesday,2,591.575,587.8,592.76,587.0,1124619.0,-3.775000000000091,-0.63812703376581
2025-05-29,Thursday,3,593.1,589.74,593.1,586.26,1233224.0,-3.3600000000000136,-0.5665149215983836
2025-05-30,Friday,4,588.96,589.3,591.115,583.265,1718819.0,0.33999999999991815,0.057728878022262654
2025-06-02,Monday,0,587.76,592.85,592.85,585.1,1416533.0,5.090000000000032,0.8659997277800517
2025-06-03,Tuesday,1,592.43,595.87,597.07,591.86,1200667.0,3.4400000000000546,0.5806593184004954
2025-06-04,Wednesday,2,596.985,595.89,597.92,595.56,953236.0,-1.0950000000000273,-0.18342169401241692
2025-06-05,Thursday,3,597.66,593.08,598.93,591.07,1877523.0,-4.579999999999927,-0.7663219890907753
2025-06-06,Friday,4,598.62,598.975,600.82,596.91,1314842.0,0.3550000000000182,0.05930306371321008
2025-06-09,Monday,0,599.75,599.43,601.25,598.52,742697.0,-0.32000000000005,-0.05335556481868279
2025-06-10,Tuesday,1,600.335,603.1,603.465,599.15,953308.0,2.7649999999999864,0.46057617830044656
2025-06-11,Wednesday,2,604.18,601.59,605.04,599.275,1044717.0,-2.589999999999918,-0.4286801946439668
2025-06-12,Thursday,3,600.02,603.72,603.72,599.57,821254.0,3.7000000000000455,0.616646111796281
2025-06-13,Friday,4,598.54,596.78,601.84,595.52,1109805.0,-1.759999999999991,-0.29404885220703564
2025-06-16,Monday,0,600.43,602.705,604.45,600.24,1277557.0,2.275000000000091,0.378895125160317
2025-06-17,Tuesday,1,600.22,597.6,601.72,596.79,1201828.0,-2.6200000000000045,-0.4365066142414455
2025-06-18,Wednesday,2,598.405,597.52,601.21,596.5,1159569.0,-0.8849999999999909,-0.14789314928852382
2025-06-20,Friday,4,598.385,594.18,599.44,592.9,1139399.0,-4.205000000000041,-0.7027248343457876
2025-06-23,Monday,0,595.07,600.08,600.53,591.91,1195677.0,5.009999999999991,0.8419177575747375
2025-06-24,Tuesday,1,604.325,606.9,607.835,603.52,1141503.0,2.574999999999932,0.4260952302155184
2025-06-25,Wednesday,2,607.91,607.2,608.45,605.73,1107289.0,-0.7099999999999227,-0.1167936043164157
2025-06-26,Thursday,3,609.02,611.91,612.31,608.39,1335847.0,2.8899999999999864,0.47453285606383805
2025-06-27,Friday,4,612.895,614.83,616.39,610.9,1598961.0,1.9350000000000591,0.3157147635402572
2025-06-30,Monday,0,617.4,617.83,619.2,615.04,1846703.0,0.43000000000006366,0.06964690638161057
2025-07-01,Tuesday,1,616.395,617.48,618.81,615.56,1109672.0,1.0850000000000364,0.17602349143001425
2025-07-02,Wednesday,2,617.29,620.28,620.47,616.64,1158382.0,2.990000000000009,0.48437525312252094
2025-07-03,Thursday,3,622.47,625.03,626.26,622.46,742831.0,2.5599999999999454,0.411264799910027
2025-07-07,Monday,0,623.33,620.99,623.99,617.89,1104701.0,-2.340000000000032,-0.37540307702180736
2025-07-08,Tuesday,1,621.29,620.31,622.1,619.59,1168601.0,-0.9800000000000182,-0.15773632281221622
2025-07-09,Wednesday,2,622.73,624.04,624.71,620.92,1412925.0,1.3099999999999454,0.21036404220126625
2025-07-10,Thursday,3,624.22,625.73,626.87,623.04,1204037.0,1.509999999999991,0.24190189356316535
2025-07-11,Friday,4,622.73,623.61,624.85,621.55,1266279.0,0.8799999999999955,0.1413132497229932
2025-07-14,Monday,0,623.13,624.76,625.105,621.81,784909.0,1.6299999999999955,0.26158265530467084
2025-07-15,Tuesday,1,627.53,622.19,627.855,622.08,1236356.0,-5.339999999999918,-0.8509553328127608
2025-07-16,Wednesday,2,623.71,624.06,624.72,618.06,1449999.0,0.34999999999990905,0.05611582305877877
2025-07-17,Thursday,3,624.32,627.98,628.4,624.21,1479219.0,3.659999999999968,0.5862378267555048
2025-07-18,Friday,4,629.25,627.51,629.305,626.47,1072084.0,-1.740000000000009,-0.27651966626936975
2025-07-21,Monday,0,628.76,628.7,631.52,628.345,1111473.0,-0.05999999999994543,-0.00954259176791549
2025-07-22,Tuesday,1,628.975,628.74,629.62,626.195,1153106.0,-0.23500000000001364,-0.03736237529313782
2025-07-23,Wednesday,2,631.54,633.92,634.16,629.755,1119600.0,2.3799999999999955,0.37685657282199
2025-07-24,Thursday,3,634.61,634.34,636.105,634.03,1142269.0,-0.2699999999999818,-0.042545815540250206
2025-07-25,Friday,4,635.13,637.02,637.575,634.895,1159906.0,1.8899999999999864,0.29757687402578786
2025-07-28,Monday,0,637.465,637.05,638.02,635.55,1156413.0,-0.4150000000000773,-0.06510161342192548
2025-07-29,Tuesday,1,638.35,635.14,638.63,634.365,935905.0,-3.2100000000000364,-0.5028589331871287
2025-07-30,Wednesday,2,636.0,634.56,637.63,631.63,1364756.0,-1.4400000000000546,-0.22641509433963125
2025-07-31,Thursday,3,639.46,631.9,639.84,630.78,1423678.0,-7.560000000000059,-1.182247521346145
2025-08-01,Friday,4,626.33,621.74,626.33,619.31,2807528.0,-4.590000000000032,-0.7328405153832694
2025-08-04,Monday,0,625.72,630.99,631.27,625.6,1135667.0,5.269999999999982,0.8422297513264689
2025-08-05,Tuesday,1,631.79,628.025,632.6,627.065,968861.0,-3.7649999999999864,-0.5959258614412996
2025-08-06,Wednesday,2,629.06,632.47,633.41,628.165,846558.0,3.410000000000082,0.5420786570438563
2025-08-07,Thursday,3,636.255,632.36,636.955,629.195,1143039.0,-3.894999999999982,-0.6121759357490286
2025-08-08,Friday,4,634.11,637.21,637.635,633.78,836604.0,3.1000000000000227,0.4888741700966745
2025-08-11,Monday,0,637.51,635.86,638.925,634.68,919005.0,-1.6499999999999773,-0.2588194694985141
2025-08-12,Tuesday,1,638.29,642.61,642.84,636.87,1063871.0,4.32000000000005,0.6768083473029579
2025-08-13,Wednesday,2,644.87,645.08,646.15,642.725,992013.0,0.21000000000003638,0.032564702963393616
2025-08-14,Thursday,3,642.805,644.76,645.62,642.36,688489.0,1.955000000000041,0.304135779902154
2025-08-15,Friday,4,646.06,643.16,646.06,642.63,921773.0,-2.8999999999999773,-0.4488747175184933
2025-08-18,Monday,0,642.855,643.25,643.91,642.2,733210.0,0.3949999999999818,0.061444649259939144
2025-08-19,Tuesday,1,643.155,639.77,644.1,638.53,1066672.0,-3.384999999999991,-0.5263116978022392
2025-08-20,Wednesday,2,639.39,637.92,639.6,632.96,1481967.0,-1.4700000000000273,-0.2299066297564909
2025-08-21,Thursday,3,636.22,635.63,637.955,633.87,745806.0,-0.5900000000000318,-0.09273521737764166
2025-08-22,Friday,4,637.755,645.23,646.49,637.3,1549582.0,7.475000000000023,1.1720801875328335
2025-08-25,Monday,0,644.01,642.63,645.28,642.4,914373.0,-1.3799999999999955,-0.21428238691945709
2025-08-26,Tuesday,1,642.1,645.12,645.51,641.57,825550.0,3.019999999999982,0.470331724030522
2025-08-27,Wednesday,2,644.555,646.54,647.37,644.46,980032.0,1.9850000000000136,0.30796440955388044
2025-08-28,Thursday,3,647.165,648.66,649.47,645.365,1265284.0,1.4950000000000045,0.23100754830684672
2025-08-29,Friday,4,647.455,645.03,647.82,643.195,1514808.0,-2.425000000000068,-0.37454340456094526
2025-09-02,Tuesday,1,637.5,640.29,640.45,634.96,1112788.0,2.7899999999999636,0.43764705882352367
2025-09-03,Wednesday,2,642.78,643.8,644.21,640.5,1248905.0,1.0199999999999818,0.15868570895173806
2025-09-04,Thursday,3,644.43,648.75,649.14,643.53,1518049.0,4.32000000000005,0.6703598528932623
2025-09-05,Friday,4,651.455,647.22,652.2,643.4,1497923.0,-4.235000000000014,-0.6500832751302873
2025-09-08,Monday,0,648.645,648.78,649.815,647.265,1127734.0,0.1349999999999909,0.020812617070969625
2025-09-09,Tuesday,1,648.945,650.18,650.845,647.28,1063146.0,1.2349999999999,0.19030888596104445
2025-09-10,Wednesday,2,653.625,652.11,654.55,650.64,1349181.0,-1.5149999999999864,-0.23178427997704898
2025-09-11,Thursday,3,654.25,657.48,658.32,653.625,1789816.0,3.230000000000018,0.4936950706916344
2025-09-12,Friday,4,657.59,657.25,659.08,656.93,1791361.0,-0.34000000000003183,-0.05170394926930638
2025-09-15,Monday,0,659.58,660.65,660.995,659.38,1229176.0,1.0699999999999363,0.16222444585947668
2025-09-16,Tuesday,1,661.47,659.91,661.7,659.23,1235555.0,-1.5600000000000591,-0.2358383600163362
2025-09-17,Wednesday,2,660.04,659.36,661.68,654.33,1553890.0,-0.67999999999995,-0.10302405914792287
2025-09-18,Thursday,3,661.9,662.26,664.88,660.29,1593374.0,0.36000000000001364,0.054388880495545196
2025-09-19,Friday,4,662.305,663.75,664.55,660.37,1886461.0,1.44500000000005,0.21817742580835872
2025-09-22,Monday,0,662.21,666.52,667.28,662.205,1637856.0,4.309999999999945,0.6508509385240249
2025-09-23,Tuesday,1,666.73,663.26,667.34,662.0,1608800.0,-3.4700000000000273,-0.5204505571970703
2025-09-24,Wednesday,2,664.48,661.34,664.575,659.685,1235174.0,-3.1399999999999864,-0.47254996388152937
2025-09-25,Thursday,3,657.93,658.16,659.39,654.42,1320491.0,0.2300000000000182,0.03495812624443606
2025-09-26,Friday,4,659.505,661.84,662.35,657.93,1194985.0,2.3350000000000364,0.35405341885202335
2025-09-29,Monday,0,664.375,663.69,665.17,661.89,1533306.0,-0.6849999999999454,-0.1031044214487218
2025-09-30,Tuesday,1,662.91,666.06,666.65,661.625,1434564.0,3.1499999999999773,0.47517762592206747
2025-10-01,Wednesday,2,663.195,668.33,669.37,663.09,1315999.0,5.134999999999991,0.774282073899832
2025-10-02,Thursday,3,670.455,669.25,670.55,666.815,1228878.0,-1.205000000000041,-0.17972869170936764
2025-10-03,Friday,4,670.005,669.2,672.66,668.17,1394504.0,-0.80499999999995,-0.1201483571018052
2025-10-06,Monday,0,671.625,671.585,672.5,669.48,1173925.0,-0.03999999999996362,-0.005955704448161343
2025-10-07,Tuesday,1,672.55,669.34,672.99,667.695,1346509.0,-3.2099999999999227,-0.47728793398259206
2025-10-08,Wednesday,2,670.285,672.93,673.17,669.5,1004047.0,2.644999999999982,0.3946082636490421
2025-10-09,Thursday,3,673.52,671.17,673.93,669.23,1035066.0,-2.3500000000000227,-0.3489131725858212
2025-10-10,Friday,4,672.145,653.275,673.89,652.87,2221603.0,-18.870000000000005,-2.8074299444316337
2025-10-13,Monday,0,660.695,662.94,664.6,659.8,1388939.0,2.2450000000000045,0.33979370208643994
2025-10-14,Tuesday,1,657.17,662.36,665.79,653.24,1400401.0,5.190000000000055,0.7897499885874362
2025-10-15,Wednesday,2,666.775,665.08,670.2,658.99,1367356.0,-1.6949999999999363,-0.25420869108768873
2025-10-16,Thursday,3,666.835,660.79,668.62,657.18,1652648.0,-6.045000000000073,-0.906521103421397
2025-10-17,Friday,4,659.53,664.3,665.74,658.18,1176029.0,4.769999999999982,0.7232423089169533
2025-10-20,Monday,0,667.305,671.17,672.2,667.3,979274.0,3.865000000000009,0.5791954203849827
2025-10-21,Tuesday,1,671.35,671.26,672.99,670.0,1004060.0,-0.09000000000003183,-0.013405824085802015
2025-10-22,Wednesday,2,671.68,667.82,671.8,663.39,1017164.0,-3.8599999999999,-0.5746784182944111
2025-10-23,Thursday,3,668.12,671.69,672.71,667.88,1073515.0,3.57000000000005,0.5343351493743714
2025-10-24,Friday,4,676.425,677.12,678.47,675.68,1145085.0,0.69500000000005,0.10274605462542781
2025-10-27,Monday,0,682.72,685.22,685.54,682.115,1393310.0,2.5,0.36618232950550733
2025-10-28,Tuesday,1,687.04,686.87,688.905,684.865,1317510.0,-0.16999999999995907,-0.024743828598037827
2025-10-29,Wednesday,2,688.72,687.315,689.69,682.91,1820049.0,-1.4049999999999727,-0.2040016262051302
2025-10-30,Thursday,3,683.68,680.1,685.935,679.885,1165725.0,-3.5799999999999272,-0.5236367891411081
2025-10-31,Friday,4,684.98,682.03,685.065,679.29,1437455.0,-2.9500000000000455,-0.4306695085987978
2025-11-03,Monday,0,685.67,683.12,685.77,679.97,966963.0,-2.5499999999999545,-0.3718990184782701
2025-11-04,Tuesday,1,676.08,675.31,679.95,674.59,1573073.0,-0.7700000000000955,-0.11389184711869829
2025-11-05,Wednesday,2,674.955,677.49,680.85,674.22,1158482.0,2.534999999999968,0.37558059426183493
2025-11-06,Thursday,3,676.535,670.24,677.35,668.77,1601387.0,-6.294999999999959,-0.9304766198348879
2025-11-07,Friday,4,667.885,670.92,671.06,661.24,1881183.0,3.034999999999968,0.45441954827552167
2025-11-10,Monday,0,677.24,681.38,682.17,675.14,1431802.0,4.139999999999986,0.6113047073415607
2025-11-11,Tuesday,1,679.945,682.9,683.56,678.75,932652.0,2.9549999999999272,0.43459397451263365
2025-11-12,Wednesday,2,684.84,683.32,684.95,680.98,1283890.0,-1.5199999999999818,-0.22194965247356782
2025-11-13,Thursday,3,680.495,672.53,680.85,670.54,1684146.0,-7.965000000000032,-1.170471495014663
2025-11-14,Friday,4,665.36,671.935,675.655,663.28,1351820.0,6.574999999999932,0.9881868462185781
2025-11-17,Monday,0,669.655,665.72,673.68,662.2,1435520.0,-3.9349999999999454,-0.5876160112296549
2025-11-18,Tuesday,1,661.925,660.16,665.06,655.91,2236081.0,-1.7649999999999864,-0.26664652339766387
2025-11-19,Wednesday,2,660.78,662.75,667.34,658.77,1464186.0,1.9700000000000273,0.29813251006386804
2025-11-20,Thursday,3,672.945,652.56,675.54,651.89,3187898.0,-20.385000000000105,-3.0292222989991906
2025-11-21,Friday,4,654.72,659.15,664.52,650.86,1653008.0,4.42999999999995,0.6766251221896307
2025-11-24,Monday,0,662.645,668.82,670.045,661.64,1277240.0,6.175000000000068,0.9318715149137273
2025-11-25,Tuesday,1,668.625,675.0,676.19,664.52,892180.0,6.375,0.9534492428491307
2025-11-26,Wednesday,2,677.625,680.0,681.69,676.81,759636.0,2.375,0.3504888396974728
2025-11-28,Friday,4,680.88,683.01,683.645,680.555,697917.0,2.1299999999999955,0.31283045470567433
2025-12-01,Monday,0,678.825,680.25,682.99,678.74,1007275.0,1.4249999999999545,0.2099215556292055
2025-12-02,Tuesday,1,681.82,681.44,683.82,679.39,759119.0,-0.37999999999999545,-0.05573318471150676
2025-12-03,Wednesday,2,680.56,683.89,684.9,679.74,784069.0,3.330000000000041,0.4893029270012991
2025-12-04,Thursday,3,685.3,684.33,685.32,681.4,698771.0,-0.9699999999999136,-0.14154384940900536
2025-12-05,Friday,4,685.48,685.62,688.385,684.59,846875.0,0.13999999999998636,0.020423644745285983
2025-12-08,Monday,0,686.46,683.61,686.59,681.59,904863.0,-2.8500000000000227,-0.4151734988200365
2025-12-09,Tuesday,1,683.11,682.99,685.37,682.62,1051204.0,-0.12000000000000455,-0.01756671692699632
2025-12-10,Wednesday,2,682.525,687.59,688.96,681.32,1576746.0,5.065000000000055,0.7420973590711043
2025-12-11,Thursday,3,685.14,689.15,689.23,682.31,1236828.0,4.009999999999991,0.5852818402078395
2025-12-12,Friday,4,688.185,682.12,688.865,679.18,1249591.0,-6.064999999999941,-0.8813037192034033
2025-12-15,Monday,0,685.745,680.715,685.745,679.28,1201672.0,-5.029999999999973,-0.7335088115844771
2025-12-16,Tuesday,1,679.09,678.86,681.04,675.01,1586032.0,-0.2300000000000182,-0.03386885390743762
2025-12-17,Wednesday,2,679.77,671.43,680.385,671.2,1050551.0,-8.340000000000032,-1.2268855642349665
2025-12-18,Thursday,3,677.59,676.515,680.7,674.91,1333113.0,-1.0750000000000455,-0.15865051137118985
2025-12-19,Friday,4,676.61,680.46,681.09,676.475,1537277.0,3.8500000000000227,0.5690131685904765
2025-12-22,Monday,0,683.925,684.99,685.3,682.715,1083294.0,1.0650000000000546,0.15571882881895743
2025-12-23,Tuesday,1,683.895,687.7,688.19,683.88,893029.0,3.8050000000000637,0.5563719576835718
2025-12-24,Wednesday,2,687.92,690.11,690.82,687.83,507994.0,2.1900000000000546,0.3183509710431525
2025-12-26,Friday,4,690.555,690.23,691.615,689.34,470078.0,-0.3249999999999318,-0.04706359377601086
2025-12-29,Monday,0,687.565,687.68,689.18,686.1,985443.0,0.11499999999989541,0.016725691389162536
2025-12-30,Tuesday,1,687.43,687.01,688.55,686.58,1027504.0,-0.4199999999999591,-0.06109712988958281
2025-12-31,Wednesday,2,687.145,681.82,687.35,681.72,1205490.0,-5.324999999999932,-0.774945608277719
2026-01-02,Friday,4,685.51,683.33,686.87,679.88,1048676.0,-2.17999999999995,-0.31801140756516316
2026-01-05,Monday,0,686.51,687.53,689.43,686.385,1209574.0,1.0199999999999818,0.14857758809048402
2026-01-06,Tuesday,1,687.92,689.92,690.86,687.8,557865.0,2.0,0.29073148040469826
2026-01-07,Wednesday,2,692.06,689.64,692.14,689.35,660181.0,-2.419999999999959,-0.34968066352627797
